mtllib miku.mtl
v 3.390821 -6.711170 -8.148279
v 4.434581 -5.959643 -7.545720
v 5.781222 -9.267725 -12.371637
v -4.896218 -8.851088 -11.466999
v -3.309658 -5.959643 -7.837161
v -2.175098 -6.711170 -8.115560
v 6.862662 -85.274681 -20.226414
v 3.529143 -59.914207 -19.503544
v 4.555783 -84.970200 -20.317215
v 10.918982 -34.945896 -11.800190
v 18.710743 -59.247005 -4.398103
v 15.557381 -34.460449 -7.081551
v 10.432741 9.392198 -11.278763
v 8.878100 9.392196 -14.829163
v 8.451621 -3.836929 -15.267078
v 11.069621 13.239768 -11.912365
v 11.025382 13.166890 -15.366203
v 6.978102 12.392501 -14.208604
v 7.311302 10.879636 -14.802123
v 6.978102 12.392501 -14.208604
v 11.025382 13.166890 -15.366203
v 12.603702 9.405221 -16.488522
v 8.451621 -3.836929 -15.267078
v 8.878100 9.392196 -14.829163
v 14.290102 -3.369498 -18.064358
v 12.542342 -19.709488 -19.169552
v 7.590421 -19.743019 -16.301872
v 12.178021 -85.752754 -9.364735
v 4.800502 -59.492607 -19.258743
v 6.862662 -85.274681 -20.226414
v 12.412181 -59.854439 -10.745782
v 10.918982 -34.945896 -11.800190
v 12.312342 -97.825966 -22.904091
v 8.569541 -106.370918 -18.819927
v 6.862662 -85.274681 -20.226414
v 19.281382 -33.844852 -22.593868
v 21.417139 -34.247570 -15.431627
v 25.008499 -60.204845 -18.678341
v 13.988899 9.392991 -13.067482
v 14.290102 -3.369498 -18.064358
v 12.603702 9.405221 -16.488522
v -3.425976 -84.970200 -20.317215
v -5.732856 -85.274681 -20.226414
v -11.182536 -97.825966 -22.904091
v -2.399336 -59.914207 -19.503544
v -3.670696 -59.492607 -19.258743
v -9.789178 -34.945896 -11.800192
v -14.427577 -34.460449 -7.081553
v -17.580938 -59.247005 -4.398105
v -9.302938 9.392198 -11.278765
v -7.321817 -3.836929 -15.267080
v -7.748297 9.392196 -14.829164
v -9.939817 13.239768 -11.912366
v -5.848297 12.392501 -14.208605
v -9.895577 13.166890 -15.366205
v -6.181497 10.879636 -14.802124
v -9.895577 13.166890 -15.366205
v -5.848297 12.392501 -14.208605
v -11.473895 9.405221 -16.488525
v -7.748297 9.392196 -14.829164
v -7.321817 -3.836929 -15.267080
v -10.556216 -59.726776 -26.276903
v -4.856057 -35.312611 -17.723789
v -2.399336 -59.914207 -19.503544
v -11.535336 -34.724049 -21.856270
v -11.412537 -19.709488 -19.169556
v -6.460617 -19.743019 -16.301874
v -11.048218 -85.752754 -9.364737
v -5.732856 -85.274681 -20.226414
v -3.670696 -59.492607 -19.258743
v -9.789178 -34.945896 -11.800192
v -11.282377 -59.854439 -10.745784
v -11.182536 -97.825966 -22.904091
v -5.732856 -85.274681 -20.226414
v -7.439736 -106.370918 -18.819927
v -18.151575 -33.844852 -22.593872
v -23.878696 -60.204845 -18.678345
v -20.287336 -34.247570 -15.431631
v -17.463898 -19.438454 -14.974836
v -13.160296 -3.369498 -18.064360
v -16.048456 -19.534292 -20.335316
v 8.527781 0.028674 -7.422121
v 10.615301 -0.020446 -3.000681
v 8.847860 -4.038377 -1.733480
v 9.085220 4.026023 -7.854362
v 10.471221 5.209790 -4.159083
v 8.842100 7.068908 -7.829803
v 8.606341 10.736352 -4.599484
v 7.926101 9.451951 -7.521163
v 5.927782 12.570090 -6.899885
v 4.235621 13.203712 -4.378447
v 3.543942 13.744031 -6.598606
v 0.388102 14.077222 -6.295726
v -0.173499 13.518090 -4.208206
v -2.360858 13.356019 -6.067326
v -1.833659 13.680970 -1.795647
v 0.361861 11.590274 -0.334447
v -1.466139 12.037221 1.058912
v -2.735818 13.431298 -2.448128
v -3.634699 11.076907 -0.346685
v 10.267380 -0.017161 -0.891082
v 8.892900 -0.012302 0.917317
v 8.759459 -5.696849 -1.440360
v 7.556821 5.196670 1.640117
v 1.445781 7.792592 1.425633
v 3.802581 5.073867 1.995396
v -4.645738 5.854922 0.726516
v -5.180298 10.259952 0.199312
v -6.914139 4.063710 1.103073
v -6.343578 -0.285740 0.145318
v -7.221979 -0.244761 0.640596
v -6.843738 -3.660912 -1.361802
v -7.379978 12.389222 -3.760366
v -6.630859 9.161319 -0.486687
v -2.735818 13.431298 -2.448128
v -9.876779 8.808496 -4.157406
v -10.173099 4.054675 -2.871325
v -9.649978 4.061233 -0.069164
v -6.630859 9.161319 -0.486687
v -8.178139 8.949317 -2.553726
v -6.914139 4.063710 1.103073
v -5.180298 10.259952 0.199312
v -2.360858 13.356019 -6.067326
v -7.379978 12.389222 -3.760366
v -2.735818 13.431298 -2.448128
v -2.735818 13.431298 -2.448128
v -5.641177 12.600415 -6.408686
v -8.003737 9.432261 -6.884285
v -7.971017 1.873878 -6.344043
v -8.269018 -0.735961 -4.511883
v -8.917338 4.166028 -6.043564
v -5.670618 -4.706372 -6.034521
v -11.013898 6.939563 -0.598846
v -9.876779 8.808496 -4.157406
v -11.089179 6.106202 -3.454205
v -7.993097 8.703710 -7.184766
v -8.363978 8.739720 -7.174925
v -8.076617 8.863389 -7.120045
v -8.091338 8.792909 -6.541325
v -8.076617 8.863389 -7.120045
v -8.719258 -0.472363 -4.384203
v -5.641978 -3.055969 -5.991161
v -6.377898 0.678687 -4.662523
v -6.676698 -2.127663 -12.658921
v -10.372857 2.789866 -9.860843
v -7.889978 4.047301 -10.219403
v -7.075418 2.644996 -5.933083
v -6.377898 0.678687 -4.662523
v -7.894858 -4.265882 -7.483561
v -6.676698 -2.127663 -12.658921
v -5.750058 -3.368701 -8.013162
v 5.266343 13.274167 -14.818524
v 9.904662 8.684909 -17.557642
v 8.022662 7.375863 -16.831562
v 9.706581 13.605712 -9.300924
v 7.769701 12.290965 -8.575564
v 7.202423 14.588912 -15.543803
v 12.408900 7.701707 -11.314762
v 9.904662 8.684909 -17.557642
v 10.471221 6.386985 -10.587803
v -4.136537 13.274167 -14.818525
v -8.774858 8.684909 -17.557644
v -6.072617 14.588912 -15.543804
v -6.892858 7.375863 -16.831562
v -8.576777 13.605712 -9.300926
v -6.639898 12.290965 -8.575566
v -11.279097 7.701707 -11.314764
v -9.341418 6.386985 -10.587804
v -6.852777 -6.747167 -4.889320
v -6.710298 -6.373095 -4.650280
v -7.170377 -3.757568 -7.248601
v 9.122901 8.703710 -7.184764
v 9.206421 8.863389 -7.120044
v 9.493781 8.739720 -7.174923
v 9.206421 8.863389 -7.120044
v 9.221141 8.792909 -6.541323
v 6.771781 -3.055969 -5.991160
v 9.849062 -0.472363 -4.384202
v 7.507701 0.678687 -4.662522
v 11.502661 2.789866 -9.860842
v 7.806502 -2.127663 -12.658920
v 9.019782 4.047301 -10.219401
v 10.516181 1.414599 -5.504922
v 9.019782 4.047301 -10.219401
v 8.205221 2.644996 -5.933083
v 6.879862 -3.368701 -8.013160
v 8.824901 -3.685486 -5.672760
v 6.771781 -3.055969 -5.991160
v -8.626699 -5.050218 -1.483802
v -9.177659 -5.065734 -2.664202
v -7.215418 -9.852282 -3.153800
v 8.308342 -0.827651 -12.859479
v 8.742263 3.088668 -15.555241
v 9.085220 4.026023 -7.854362
v 8.527781 0.028674 -7.422121
v 5.967862 -2.513247 -15.289239
v 3.390821 -6.711170 -8.148279
v 2.551702 -6.775013 -10.719639
v 1.227142 -6.163502 -11.173160
v 0.564903 -3.359732 -16.763559
v -4.764377 -2.513247 -15.222120
v -2.175098 -6.711170 -8.115560
v -3.309658 -5.959643 -7.837161
v 3.368743 2.790656 -20.052841
v 0.564903 2.759625 -19.844921
v 0.564903 9.920175 -18.795403
v 3.401463 9.707395 -19.243244
v -8.974618 6.685790 -7.021804
v -8.860058 7.014024 -7.960844
v -8.819098 4.162742 -7.531804
v -8.061898 6.982102 -7.969804
v 9.191702 6.982102 -7.969803
v 9.989861 7.014024 -7.960843
v 9.824501 4.495957 -8.794202
v 9.601782 8.673388 -6.583884
v 10.104422 6.685790 -7.021804
v 5.985862 -35.312611 -17.723789
v 12.665141 -34.724049 -21.856270
v 11.686024 -59.726776 -26.276899
v 19.892822 -59.783253 -26.496340
v 25.885300 -84.876038 -18.580093
v 17.084105 -84.754044 -25.968250
v 15.710422 -106.772835 -11.210728
v 19.580179 -106.334923 -18.630007
v 15.710422 -106.772835 -11.210728
v 23.236181 -84.659088 -9.890334
v 12.178021 -85.752754 -9.364735
v 12.412181 -59.854439 -10.745782
v -15.954295 -84.754044 -25.968254
v -18.450377 -106.334923 -18.630009
v -24.755497 -84.876038 -18.580097
v -14.580619 -106.772835 -11.210730
v -18.763016 -59.783253 -26.496344
v -18.151575 -33.844852 -22.593872
v -18.125338 -34.506298 -9.962353
v -23.218056 -59.242924 -10.676985
v -22.106377 -84.659088 -9.890337
v -14.580619 -106.772835 -11.210730
v -11.048218 -85.752754 -9.364737
v -4.918296 12.728890 -14.840605
v -8.025018 6.669381 -14.606443
v -7.907178 9.597716 -9.359885
v -7.086857 -0.827651 -12.791561
v -5.075497 -3.956446 -7.806921
v 9.788421 8.206763 -4.520123
v 7.375940 11.233300 -1.616365
v 6.236421 8.208438 1.265235
v 9.417621 8.294435 -1.081002
v 19.255140 -34.506298 -9.962349
v 24.347860 -59.242924 -10.676981
v 18.352180 -84.874359 -4.189295
v 16.157461 -105.294365 -7.618568
v 23.236181 -84.659088 -9.890334
v 23.236181 -84.659088 -9.890334
v 16.157461 -105.294365 -7.618568
v 12.178021 -85.752754 -9.364735
v 12.178021 -85.752754 -9.364735
v 4.040021 11.442019 0.202593
v 0.361861 11.590274 -0.334447
v 4.040021 11.442019 0.202593
v 4.235621 13.203712 -4.378447
v -23.218056 -59.242924 -10.676985
v 24.347860 -59.242924 -10.676981
v -17.222378 -84.874359 -4.189298
v -22.106377 -84.659088 -9.890337
v 8.569541 -106.370918 -18.819927
v 7.806502 -2.127663 -12.658920
v 9.939062 -2.833327 -12.141560
v 9.024661 -4.265882 -7.483560
v -7.889978 4.047301 -10.219403
v -9.386377 1.414599 -5.504923
v -8.809258 -2.833327 -12.141562
v -7.439736 -106.370918 -18.819927
v 7.648581 11.244737 -11.832124
v 7.325222 12.520982 -11.449004
v -8.774858 8.684909 -17.557644
v -11.282377 -59.854439 -10.745784
v -15.027657 -105.294365 -7.618571
v -22.106377 -84.659088 -9.890337
v -11.048218 -85.752754 -9.364737
v 9.248181 6.669381 -14.674440
v 8.730742 9.531310 -9.427004
v 3.450582 13.440328 -15.691964
v 3.334342 14.358031 -10.479726
v 6.263381 13.484496 -10.325005
v 4.434581 -5.959643 -7.545720
v 6.221702 -3.867249 -7.806920
v 0.564903 13.058003 -15.933483
v 0.564902 14.199218 -10.496125
v -4.701337 13.484496 -10.257885
v 12.312342 -97.825966 -22.904091
v 8.857703 -84.720528 -26.490574
v 19.892822 -59.783253 -26.496340
v 17.084105 -84.754044 -25.968250
v -18.763016 -59.783253 -26.496344
v -7.727896 -84.720528 -26.490574
v -15.954295 -84.754044 -25.968254
v -6.626777 -108.254601 -22.254967
v -6.626777 -108.254601 -22.254967
v -3.425976 -84.970200 -20.317215
v -6.195417 12.520982 -11.449005
v -6.518777 11.244737 -11.832126
v -6.518777 11.244737 -11.832126
v 3.529143 -59.914207 -19.503544
v 4.555783 -84.970200 -20.317215
v 7.756582 -108.254601 -22.254967
v 4.800502 -59.492607 -19.258743
v -7.724618 4.026023 -7.854363
v -7.724618 4.026023 -7.854363
v 12.312342 -97.825966 -22.904091
v 19.281382 -33.844852 -22.593868
v 8.892900 -0.012302 0.917317
v 6.463941 -0.009811 0.993397
v 6.236421 8.208438 1.265235
v -11.182536 -97.825966 -22.904091
v -11.048218 -85.752754 -9.364737
v -15.027657 -105.294365 -7.618571
v -10.349977 -119.847237 -15.184405
v -10.349977 -119.847237 -15.184405
v 11.479781 -119.847237 -15.184402
v 11.479781 -119.847237 -15.184402
v 6.134102 12.728890 -14.907724
v -8.694697 4.495957 -8.794204
v -7.704938 4.471385 -8.799884
v -7.695097 -3.685486 -5.672762
v 19.255140 -34.506298 -9.962349
v 7.648581 11.244737 -11.832124
v 10.432741 9.392198 -11.278763
v -9.302938 9.392198 -11.278765
v -18.125338 -34.506298 -9.962353
v 7.756582 -108.254601 -22.254967
v -3.634699 11.076907 -0.346685
v -2.735818 13.431298 -2.448128
v 15.188181 -19.504761 -9.500673
v 16.141060 -3.439089 -13.998199
v 12.091300 -4.124281 -9.925559
v 8.834742 4.471385 -8.799882
v 9.316101 2.716186 -9.141241
v 8.082421 2.694102 -9.147001
v 7.311302 10.879636 -14.802123
v -5.750058 11.254577 -11.796125
v -6.181497 10.879636 -14.802124
v -5.422617 11.095798 -14.514764
v -5.422617 11.095798 -14.514764
v 6.079222 2.860274 -18.648920
v -9.085979 10.136353 -1.519808
v -8.282059 6.286269 0.524353
v -9.876779 8.808496 -4.157406
v 6.187302 9.061460 -18.084843
v 9.948901 4.162742 -7.531802
v 1.164181 13.745715 -2.545567
v 5.985862 -35.312611 -17.723789
v 5.985862 -35.312611 -17.723789
v -7.519897 3.088668 -15.488121
v -4.983816 9.061460 -18.148682
v -4.874937 2.860274 -18.862522
v -6.715177 -3.862292 -7.445881
v -6.852777 -6.747167 -4.889320
v -7.316937 -4.053894 -7.538361
v -7.316937 -4.053894 -7.538361
v -6.173258 -6.444286 -4.703480
v -4.745578 -8.776609 -2.632281
v -4.571178 -8.153563 -2.454680
v -4.375578 -8.315722 -2.909801
v -4.745578 -8.776609 -2.632281
v -15.011256 -3.439089 -13.998201
v -10.961497 -4.124281 -9.925561
v -10.961497 -4.124281 -9.925561
v 17.178259 -19.534292 -20.335312
v -4.856057 -35.312611 -17.723789
v -4.856057 -35.312611 -17.723789
v -11.473895 9.405221 -16.488525
v -12.859096 9.392991 -13.067485
v -1.020779 9.812198 2.978593
v 1.445781 7.792592 1.425633
v -3.374379 8.630923 0.166595
v -2.598299 6.699710 1.213634
v 9.788421 8.206763 -4.520123
v 10.759379 5.215552 -0.766683
v 10.471221 5.209790 -4.159083
v -5.342378 4.061233 0.855075
v -8.917338 4.166028 -6.043564
v -8.269018 -0.735961 -4.511883
v -10.258298 -0.278368 -2.175484
v 0.564900 4.785708 4.263075
v 3.567621 -2.110458 1.921717
v 2.262740 4.803714 1.961075
v -2.454219 -8.797092 -1.379802
v -2.309339 -9.441332 -1.472280
v -2.336379 -9.269407 -2.039639
v -2.791498 -9.938219 -1.712199
v -4.093098 -9.476536 -2.262280
v -2.791498 -9.938219 -1.712199
v -3.737818 -8.235484 -1.915161
v -4.093098 -9.476536 -2.262280
v -3.590459 -8.839647 -2.492360
v 0.044262 -6.116041 -11.105160
v -1.488218 -6.635010 -10.514119
v -2.161177 2.790656 -19.985720
v 7.556821 5.196670 1.640117
v -2.236457 13.440328 -15.624846
v -2.122697 14.358031 -10.412605
v 1.164181 13.745715 -2.545567
v 4.235621 13.203712 -4.378447
v 8.606341 10.736352 -4.599484
v 12.091300 -4.124281 -9.925559
v -0.089979 2.605716 2.222196
v -1.488218 -6.635010 -10.514119
v 0.044262 -6.116041 -11.105160
v -2.122697 -10.517812 -13.811558
v -2.175098 -6.711170 -8.115560
v -5.750058 11.254577 -11.796125
v 6.552422 11.095798 -14.514763
v 6.879862 11.254577 -11.796124
v 6.552422 11.095798 -14.514763
v -7.983258 8.447486 -6.170444
v -8.471978 8.673388 -6.583885
v 9.113062 8.447486 -6.170444
v -9.530539 3.529958 0.821473
v -12.030619 3.323634 -0.058525
v -12.108378 -3.571727 -0.756842
v -13.160296 -3.369498 -18.064360
v -5.058297 12.240975 -14.073565
v -5.058297 12.240975 -14.073565
v -3.374379 8.630923 0.166595
v -9.001657 -19.553894 -13.192677
v -9.001657 -19.553894 -13.192677
v -6.460617 -19.743019 -16.301874
v -7.321817 -3.836929 -15.267080
v 7.590421 -19.743019 -16.301872
v 10.131461 -19.553894 -13.192674
v 8.451621 -3.836929 -15.267078
v 10.131461 -19.553894 -13.192674
v 10.615301 -0.020446 -3.000681
v -1.545499 4.768508 1.936516
v -11.893099 3.278588 -2.747725
v -0.173499 13.518090 -4.208206
v -0.173499 13.518090 -4.208206
v -9.572219 -0.248045 0.184595
v -7.221979 -0.244761 0.640596
v -7.373418 -5.048533 -1.256202
v 6.879862 11.254577 -11.796124
v 6.188102 12.240975 -14.073565
v 6.188102 12.240975 -14.073565
v 9.443782 2.393626 -7.999241
v 9.846581 3.778821 -6.515882
v 9.343941 1.984349 -6.882681
v -2.360858 13.356019 -6.067326
v -2.309339 -9.441332 -1.472280
v -7.254698 -0.243970 -7.829803
v 0.635302 -5.636292 -11.535000
v 2.551702 -6.775013 -10.719639
v 3.390821 -6.711170 -8.148279
v 3.070742 -10.290285 -13.758357
v 1.227142 -6.163502 -11.173160
v 9.485541 3.751807 -6.516763
v 9.625541 6.281396 -6.106603
v 9.993141 6.314918 -6.103323
v 9.483942 8.485156 -6.165563
v 9.194982 8.616920 -6.134444
v 3.543942 13.744031 -6.598606
v 0.388102 14.077222 -6.295726
v -14.058377 -19.504761 -9.500677
v -8.065178 8.616920 -6.134445
v -8.354138 8.485156 -6.165565
v -8.495738 6.281396 -6.106604
v 18.593702 -19.438454 -14.974833
v -14.058377 -19.504761 -9.500677
v -11.884058 -19.354126 -8.731956
v 13.013862 -19.354126 -8.731955
v 15.188181 -19.504761 -9.500673
v -2.193897 9.707395 -19.176125
v -8.863338 6.314918 -6.103324
v -8.716777 3.778821 -6.515883
v 7.507701 0.678687 -4.662522
v -8.355738 3.751807 -6.516763
v -8.313978 2.393626 -7.999243
v -8.214137 1.984349 -6.882683
v 8.759459 -5.696849 -1.440360
v -6.918218 -5.057494 -4.269561
v 5.927782 12.570090 -6.899885
v 17.178259 -19.534292 -20.335312
v -16.048456 -19.534292 -20.335316
v -5.641177 12.600415 -6.408686
v 9.006660 1.959788 -6.883482
v 7.926101 9.451951 -7.521163
v -5.641978 -3.055969 -5.991161
v 6.735781 -6.794688 -2.368680
v 7.855620 -6.149559 -1.067881
v 5.466901 -9.473252 -0.019241
v 7.771301 -4.035094 -4.718201
v -7.876857 1.959788 -6.883483
v -8.186297 2.716186 -9.141243
v -6.952618 2.694102 -9.147003
v -8.003737 9.432261 -6.884285
v -4.504058 -8.386938 -5.030120
v 6.603942 12.350755 -11.339324
v -5.474138 12.350755 -11.339325
v 4.848820 0.184204 0.060202
v 4.312581 1.041321 -0.364679
v 3.479220 0.250525 -0.095398
v 5.392420 -2.067077 -0.276277
v 4.306900 -2.076110 0.082283
v 5.327700 -3.189392 -0.498117
v 4.857780 -1.067480 0.142842
v 3.971220 -0.684363 0.188681
v 3.159140 -1.063403 -0.007798
v 5.333460 1.041320 -0.508759
v 6.151300 0.250525 -0.503877
v 6.462340 -1.063403 -0.659396
v 6.567141 -2.830823 -1.121075
v 7.172100 -1.007703 -1.112916
v 2.657301 -0.406042 -0.254198
v 3.660981 1.120752 -0.192759
v 5.727221 -0.672119 -0.140358
v 5.336740 1.431799 -0.456359
v 6.832340 0.235791 -0.936117
v 4.306900 -3.189392 -0.153477
v 3.473540 -2.377319 -0.069157
v 6.146340 -2.377319 -0.634035
v 2.703141 -1.345801 -0.102758
v 3.000341 -2.470593 -0.065077
v 5.595380 -3.446423 -0.706917
v 4.360101 -3.588916 -0.273797
v -5.016537 -2.377319 -0.634038
v -4.197898 -3.189392 -0.498117
v -4.262618 -2.067077 -0.276277
v -3.719018 0.184204 0.060202
v -2.349418 0.250525 -0.095398
v -3.182778 1.041321 -0.364679
v -3.177099 -2.076110 0.082283
v -6.042297 -1.007703 -1.112918
v -5.332537 -1.063403 -0.659398
v -5.021498 0.250525 -0.503879
v -4.203658 1.041320 -0.508759
v -3.177099 -3.189392 -0.153477
v -2.343739 -2.377319 -0.069157
v -4.597418 -0.672119 -0.140358
v -3.727978 -1.067480 0.142842
v -2.841419 -0.684363 0.188681
v -5.437338 -2.830823 -1.121078
v -2.531179 1.120752 -0.192759
v -1.527499 -0.406042 -0.254198
v -2.029339 -1.063403 -0.007798
v -5.702538 0.235791 -0.936119
v -4.206938 1.431799 -0.456359
v -1.573339 -1.345801 -0.102758
v -1.870539 -2.470593 -0.065077
v -4.465577 -3.446423 -0.706917
v -3.230299 -3.588916 -0.273797
v 4.755461 3.047009 1.371640
v 5.552821 3.576611 1.057241
v 4.698981 3.519323 1.400281
v -4.722619 3.689563 1.063800
v -5.933418 3.313000 0.365560
v -4.796298 3.222119 1.050760
v 6.781620 3.204113 0.402361
v 5.645380 3.112439 1.045800
v 6.701380 2.956921 0.492441
v 3.825541 2.784998 1.653241
v 3.805860 3.266370 1.699880
v 3.104340 2.784998 1.875881
v -3.873739 3.127161 1.382279
v -3.836859 3.601160 1.412601
v -2.973258 3.329407 1.697480
v -2.251179 2.836609 1.873481
v -2.976539 2.848841 1.649161
v -2.252059 2.529651 1.849720
v -5.835978 3.069079 0.494040
v -6.383658 2.834118 0.135480
v 7.262179 2.689233 0.115002
v 3.114101 2.477967 1.852201
v 2.402740 2.140759 2.012601
v -1.529179 2.179236 2.011001
v 1.304101 -5.916271 -0.328676
v 1.570981 -6.307556 -0.868116
v 1.595541 -6.013720 -0.816596
v 1.223941 -6.481066 -0.411315
v 1.546421 -6.323156 -0.918116
v 1.269781 -6.463146 -0.315556
v 0.821141 -6.491711 -0.049556
v 0.821141 -6.504846 -0.224676
v 0.821141 -5.878600 0.027404
v 0.308661 -6.491711 -0.049556
v -0.098219 -6.454919 -0.313156
v 0.308661 -6.504846 -0.224676
v 0.308661 -5.878600 0.027404
v -0.447739 -6.021081 -0.810835
v -0.121899 -5.905627 -0.260756
v -0.057259 -6.477880 -0.410516
v -0.428939 -6.316589 -0.851795
v -0.407659 -6.334594 -0.903316
v 2.619701 -5.289159 0.890283
v 4.243860 -3.854113 0.403163
v 2.284821 -3.529064 0.858361
v 3.903301 -7.604259 -1.489475
v 5.997381 -6.046435 -2.370354
v 5.231940 -6.333788 -1.167796
v 4.055541 -0.067077 0.282841
v 3.754260 -0.315161 0.288602
v 4.055541 -0.146521 -0.771558
v 4.883221 -3.339233 -1.269317
v 5.290020 -3.443151 -0.398277
v 5.908101 -3.111633 -1.472276
v 3.161620 -2.436267 0.061003
v 3.712580 -2.924987 -0.028197
v 3.728101 -2.924988 -1.003237
v 6.999379 -0.857959 -0.766676
v 6.961701 -0.738440 -1.922517
v 6.858580 -1.863245 -0.986836
v -2.598298 -2.924988 -1.003237
v -3.367819 -3.414514 -0.146117
v -2.582779 -2.924987 -0.028197
v -5.728777 -1.863245 -0.986839
v -5.831897 -0.738440 -1.922518
v -5.869578 -0.857959 -0.766678
v -1.931099 -2.156262 -0.811637
v -1.770699 -1.876269 0.172363
v -1.835339 -1.102759 -0.718357
v -5.479096 -2.335559 -1.780918
v -5.269497 -2.720276 -0.824758
v -4.778297 -3.111633 -1.472276
v 6.677620 -0.198108 -1.849717
v 6.727621 -0.018042 -0.546437
v 6.255220 0.338134 -1.635237
v -4.630138 0.387243 -1.449397
v -4.031738 0.320129 -1.279958
v -4.772618 0.518994 -0.230438
v -3.294138 0.045886 -0.941798
v -3.396459 0.191565 0.219001
v -3.866379 0.392126 0.155162
v 3.543941 -0.594287 -0.747797
v 2.933220 -1.102758 0.305801
v 2.965141 -1.102759 -0.718357
v -1.978618 -7.009157 -7.087315
v -1.533258 -7.809705 -5.287154
v -3.540538 -6.768518 -4.574915
v 0.564902 -6.549075 -10.713875
v 2.279942 -4.967471 -11.625793
v 2.627862 -6.739003 -9.384434
v -6.521177 -1.286025 -9.113476
v -4.185658 -3.998208 -9.390915
v -5.219576 -5.181971 -4.706756
v 6.349380 -5.181971 -4.706755
v 7.650981 -1.286025 -9.113474
v 7.812260 -2.390443 -5.310916
v 8.504020 -0.148195 -5.044837
v 9.085220 4.026035 -7.854357
v 8.773379 3.190197 -2.936838
v -1.856619 4.247082 1.574680
v 0.564901 3.650281 2.040441
v 0.564901 6.207726 1.648359
v 0.564902 -5.258914 -11.740435
v -6.682457 -2.390443 -5.310917
v -7.955416 4.026035 -7.854358
v -7.643578 3.190197 -2.936839
v -7.849016 8.747958 -5.727561
v -7.374218 -0.148195 -5.044837
v 4.560661 -7.465954 -2.636435
v 1.683141 -9.181799 -1.719554
v 1.757621 -9.007483 -2.351475
v -1.678939 8.950926 0.352439
v -4.364938 6.116833 0.548119
v -1.737099 6.286279 1.202199
v 6.432900 11.722043 -4.553640
v 8.273140 6.089805 -2.786198
v 8.978821 8.747958 -5.727558
v 2.808741 8.950926 0.352439
v 2.866901 6.286279 1.202199
v 5.494740 6.116833 0.548119
v 8.698021 1.039634 -8.676275
v -2.782457 -4.162759 -11.485874
v -7.143337 6.089805 -2.786200
v -4.571177 8.243639 -0.572601
v -5.303097 11.722043 -4.553641
v -3.114058 -3.854113 0.403163
v -1.155019 -3.529064 0.858361
v -2.031819 -2.436267 0.061003
v 0.564901 -2.025317 1.141562
v 2.900501 -1.876269 0.172363
v 0.564901 -1.086279 1.137481
v -1.498058 -6.739003 -9.384434
v -1.150138 -4.967471 -11.625793
v 0.564902 -6.549075 -10.713875
v 5.292500 4.555725 1.099880
v 2.986421 4.247082 1.574680
v 4.730900 2.052368 0.706041
v 0.564901 1.486695 1.952841
v 2.378181 1.125635 1.259481
v -4.811097 -3.143554 -0.612757
v -4.487738 -5.489794 -0.765796
v -3.001098 -5.529882 0.250124
v -4.376378 -3.931078 -0.101876
v -4.102138 -6.333788 -1.167796
v -2.773498 -7.604259 -1.489475
v -2.685899 -6.339477 -0.175556
v 1.404821 -8.124120 -0.466995
v 2.931541 -7.176122 -0.514517
v 2.487061 -6.549072 -0.006115
v -2.374778 12.697886 -3.955241
v 0.564901 13.237314 -3.861081
v 0.564901 9.124522 0.559559
v -5.547817 -0.198108 -1.849718
v 5.315462 -3.998208 -9.390915
v 3.625782 -5.578212 -9.725794
v 4.670341 -6.768518 -4.574915
v 3.108421 -7.009157 -7.087314
v 2.612341 -7.809705 -5.287154
v -2.495978 -5.578212 -9.725794
v -5.240857 0.320130 -0.388438
v -7.052457 4.802123 -1.507480
v -1.803419 -1.102758 0.305801
v -1.248379 1.125635 1.259481
v 0.564901 -9.298827 -2.227074
v 0.564901 -8.431872 -4.629795
v -0.627819 -9.007483 -2.351475
v -4.867577 -6.046435 -2.370356
v -3.430858 -7.465954 -2.636436
v -0.553339 -9.181799 -1.719554
v 3.912262 -4.162759 -11.485874
v 4.497620 -3.414514 -0.146117
v 0.564901 -9.298827 -2.227074
v 0.564901 -8.431872 -4.629795
v 1.452261 -7.349719 -0.060195
v 0.564901 -7.521642 -0.032356
v 0.564901 -2.964281 1.369163
v -1.770699 -1.876269 0.172363
v 1.121541 -3.947472 1.393723
v 0.564901 -3.583959 1.717883
v 0.339781 -4.558202 2.207482
v 0.564901 -4.408360 2.417002
v -4.160218 -3.443151 -0.398277
v -4.778297 -3.111633 -1.472276
v -4.811097 -3.143554 -0.612757
v -0.275019 -8.124120 -0.466995
v -0.322459 -7.349719 -0.060195
v -1.357259 -6.549072 -0.006115
v 0.564901 -7.258044 -1.426435
v 2.332341 -6.260046 -0.615156
v 0.564901 -6.421398 -1.268436
v 1.519461 -6.998522 -0.558676
v 0.564901 -7.201550 -0.462916
v 0.966821 -6.646520 0.614363
v -1.205819 -6.681726 -0.784676
v -0.988859 -6.441808 0.217324
v -0.573019 -6.484435 0.390923
v 3.815700 -6.339477 -0.175556
v 6.399300 -2.720276 -0.824757
v 5.908101 -3.111633 -1.472276
v 5.940900 -3.143554 -0.612757
v 0.564901 -8.258361 -0.371236
v -1.202539 -6.260046 -0.615156
v 2.335621 -6.681726 -0.784676
v 1.702821 -6.484435 0.390923
v 2.118661 -6.441808 0.217324
v 8.071780 0.360998 -1.488676
v 6.519620 1.999963 0.216522
v 3.504581 12.697886 -3.955241
v 5.700980 8.243639 -0.572601
v 0.162981 -6.646520 0.614363
v -0.389659 -6.998522 -0.558676
v 6.858580 4.318274 0.354921
v 7.683780 1.491565 -0.729796
v 5.448901 0.516602 -0.037237
v 5.161541 0.320129 -1.279958
v 5.902421 0.518994 -0.230438
v 6.818420 0.959387 -0.420356
v 6.370660 0.320130 -0.388437
v 7.247380 0.542761 -0.697877
v 7.399701 -1.435071 -1.105557
v -6.269898 -1.435071 -1.105558
v -6.421337 -0.649951 -1.035959
v -5.597817 -0.018042 -0.546439
v -3.753419 -3.339233 -1.269317
v 3.060901 -2.156262 -0.811637
v 2.900501 -1.876269 0.172363
v 4.526260 0.191565 0.219001
v 4.423941 0.045886 -0.941798
v -1.172219 -0.542761 0.737161
v 3.662580 0.226770 0.443321
v 2.302021 -0.542761 0.737161
v -3.601098 2.052368 0.706041
v -4.162698 4.555725 1.099880
v -5.389817 1.999963 0.216520
v -5.728777 4.318274 0.354920
v -6.553978 1.491565 -0.729798
v -6.851898 3.549560 -0.805960
v -6.941978 0.360998 -1.488679
v 4.130900 -5.529882 0.250124
v 5.617540 -5.489794 -0.765796
v 5.506180 -3.931078 -0.101876
v 2.451861 -6.101317 0.333643
v 1.987701 -6.459081 0.282044
v 0.564901 -6.388598 -0.268916
v 0.206341 -6.690673 0.619323
v -1.489899 -5.289159 0.890283
v 5.940900 -3.143554 -0.612757
v 1.594741 -8.905870 -1.222595
v 0.564901 -9.182591 -0.990915
v 0.923461 -6.690673 0.619323
v 1.503861 -6.573644 0.483403
v -0.857899 -6.459081 0.282044
v -0.374059 -6.573644 0.483403
v 2.212020 -5.750121 0.642203
v 0.998741 -5.621556 1.248043
v 7.551140 -0.649951 -1.035957
v 7.981700 3.549560 -0.805957
v 3.989220 0.558289 0.441641
v 3.624981 1.475171 0.878842
v 5.082980 1.101880 0.280362
v 5.685461 1.227161 0.069162
v 1.341781 -4.973241 1.297964
v 0.564901 -5.343236 1.689243
v -1.082219 -5.750121 0.642203
v 0.131061 -5.621556 1.248043
v -6.322298 -0.054041 -0.867319
v -5.688618 0.959387 -0.420359
v -6.117579 0.542761 -0.697878
v -0.211979 -4.973241 1.297964
v 0.008261 -3.947472 1.393723
v 0.790021 -4.558202 2.207482
v 0.564901 -4.965868 2.184523
v 0.564901 -4.631798 2.423562
v 6.375540 -3.879480 -0.764196
v 7.292421 -3.362122 -1.814515
v 6.617861 -5.084595 -2.164036
v 2.870981 -0.406042 0.564441
v 2.933220 -1.102758 0.305801
v 2.965141 -1.102759 -0.718357
v 2.933220 -1.102758 0.305801
v -5.379177 -2.851318 -0.957398
v -5.488057 -5.084595 -2.164036
v -6.162618 -3.362122 -1.814518
v -5.510218 -2.379004 -0.981958
v -5.790138 -2.408435 -1.014678
v 3.161620 -2.436267 0.061003
v 6.919940 -2.408435 -1.014676
v 6.640020 -2.379004 -0.981956
v 6.508980 -2.851318 -0.957397
v 8.182260 4.802123 -1.507478
v 1.503861 -6.573644 0.483403
v 0.938981 -6.389391 1.004044
v 0.923461 -6.690673 0.619323
v 0.190821 -6.389391 1.004044
v -0.374059 -6.573644 0.483403
v 0.206341 -6.690673 0.619323
v 0.564901 -6.742272 0.659404
v 0.564901 -6.452514 1.072043
v 0.564901 -6.742272 0.659404
v -5.245737 -3.879480 -0.764198
v 6.608900 -2.335559 -1.780916
v 3.945860 0.656519 0.597242
v 3.662580 0.226770 0.443321
v 3.043701 -0.672119 0.451483
v -5.159018 1.196045 -0.142039
v -3.953179 1.101880 0.280362
v -2.495179 1.475171 0.878842
v -2.859419 0.558289 0.441641
v -3.406299 0.875964 0.360602
v -2.925738 -0.067077 0.282841
v -2.031819 -2.436267 0.061003
v 6.508980 -2.851318 -0.957397
v 6.919940 -2.408435 -1.014676
v 7.885140 -0.992200 -1.505075
v -1.741179 -0.406042 0.564441
v -1.803419 -1.102758 0.305801
v -2.246299 -0.104748 0.445722
v -1.913899 -0.672119 0.451483
v -1.913899 -0.672119 0.451483
v -2.246299 -0.104748 0.445722
v -2.326539 -0.574682 0.295161
v 0.564901 -6.215868 1.148124
v 0.564901 -5.684581 1.351163
v 0.141701 -6.162682 1.078524
v -4.160218 -3.443151 -0.398277
v -2.582779 -2.924987 -0.028197
v -3.367819 -3.414514 -0.146117
v -6.755338 -0.992200 -1.505078
v -5.790138 -2.408435 -1.014678
v -5.379177 -2.851318 -0.957398
v 7.452100 -0.054041 -0.867317
v -7.568216 1.039634 -8.676277
v -3.663338 0.221802 -1.110437
v -1.322059 -6.101317 0.333643
v -1.801739 -7.176122 -0.514517
v 3.712580 -2.924987 -0.028197
v 5.290020 -3.443151 -0.398277
v 4.497620 -3.414514 -0.146117
v 5.940900 -3.143554 -0.612757
v -4.811097 -3.143554 -0.612757
v 1.665941 -6.150438 0.789563
v 1.603781 -6.378759 0.690523
v -0.473979 -6.378759 0.690523
v -0.536139 -6.150438 0.789563
v -1.803419 -1.102758 0.305801
v -2.380539 -0.624597 -0.745318
v -6.269898 -1.435071 -1.105558
v 3.456341 -0.574682 0.295161
v 3.376101 -0.104748 0.445722
v 3.043701 -0.672119 0.451483
v 3.376101 -0.104748 0.445722
v -0.464939 -8.905870 -1.222595
v 0.564901 -6.674279 0.668444
v 0.162981 -6.646520 0.614363
v 0.171941 -7.111485 0.470283
v 0.564901 -7.122118 0.523564
v 0.564901 -6.674279 0.668444
v 0.966821 -6.646520 0.614363
v 0.957861 -7.111485 0.470283
v 1.723301 -6.882287 0.312283
v -2.816059 0.656519 0.597242
v -2.532779 0.226770 0.443321
v -2.532779 0.226770 0.443321
v -3.406299 0.875964 0.360602
v -3.899098 1.322913 0.390921
v -3.953179 1.101880 0.280362
v -2.859419 0.558289 0.441641
v 5.685461 1.227161 0.069162
v 5.028901 1.322913 0.390921
v 5.082980 1.101880 0.280362
v 3.989220 0.558289 0.441641
v -5.125418 0.338134 -1.635239
v 7.452100 -0.054041 -0.867317
v 6.818420 0.959387 -0.420356
v 7.247380 0.542761 -0.697877
v 5.759940 0.387243 -1.449397
v 4.996180 0.392126 0.155162
v 4.793140 0.221802 -1.110437
v 0.564901 -9.467467 -1.563155
v -6.322298 -0.054041 -0.867319
v -6.421337 -0.649951 -1.035959
v -1.224619 -6.454113 0.103565
v -0.593499 -6.882287 0.312283
v -0.573019 -6.484435 0.390923
v 1.702821 -6.484435 0.390923
v 2.354421 -6.454113 0.103565
v 7.399701 -1.435071 -1.105557
v 7.551140 -0.649951 -1.035957
v -4.555657 1.227161 0.069162
v -4.555657 1.227161 0.069162
v -5.688618 0.959387 -0.420359
v -6.117579 0.542761 -0.697878
v 4.536100 0.875964 0.360602
v 4.536100 0.875964 0.360602
v 6.288820 1.196045 -0.142038
v -0.857899 -6.459081 0.282044
v -0.988859 -6.441808 0.217324
v 2.118661 -6.441808 0.217324
v 1.987701 -6.459081 0.282044
v -2.925738 -0.146521 -0.771558
v -2.624459 -0.315161 0.288602
v -1.835339 -1.102759 -0.718357
v -4.319098 0.516602 -0.037237
v 0.988101 -6.162682 1.078524
v 0.564902 -5.258914 -11.740435
v 3.799300 -0.370837 -0.759237
v -5.159018 1.196045 -0.142039
v 6.288820 1.196045 -0.142038
v -2.653179 -0.385559 -0.759237
vt 0.915550 0.673700
vt 0.887000 0.672300
vt 0.897050 0.741300
vt 0.593950 0.140400
vt 0.611750 0.192000
vt 0.614250 0.139800
vt 0.547800 0.314900
vt 0.528250 0.211900
vt 0.535200 0.312700
vt 0.536700 0.492900
vt 0.551150 0.492700
vt 0.551900 0.463100
vt 0.880200 0.497400
vt 0.862900 0.495400
vt 0.866200 0.513000
vt 0.949750 0.103900
vt 0.949450 0.097400
vt 0.959850 0.096000
vt 0.971250 0.121600
vt 0.949700 0.163000
vt 0.950700 0.119100
vt 0.979950 0.161600
vt 0.965500 0.208800
vt 0.946100 0.208700
vt 0.977500 0.388200
vt 0.938700 0.287100
vt 0.938800 0.386300
vt 0.975400 0.287000
vt 0.975000 0.191400
vt 0.843250 0.082900
vt 0.848000 0.051900
vt 0.810300 0.112100
vt 0.841350 0.324300
vt 0.888950 0.333600
vt 0.885850 0.232700
vt 0.881700 0.485100
vt 0.854750 0.443100
vt 0.860050 0.477700
vt 0.573450 0.067000
vt 0.601050 0.194500
vt 0.964450 0.361300
vt 0.940250 0.265500
vt 0.931400 0.361000
vt 0.964850 0.262800
vt 0.887900 0.388900
vt 0.848150 0.382100
vt 0.986300 0.677200
vt 0.946550 0.676200
vt 0.955600 0.629200
vt 0.989150 0.754000
vt 0.939000 0.776700
vt 0.981600 0.846400
vt 0.912350 0.895200
vt 0.945050 0.920500
vt 0.881950 0.963000
vt 0.848450 0.941100
vt 0.828450 0.976900
vt 0.774950 0.990800
vt 0.770100 0.956400
vt 0.721350 0.990200
vt 0.738000 0.959500
vt 0.775950 0.899300
vt 0.744100 0.907900
vt 0.715100 0.954700
vt 0.712900 0.892800
vt 0.904650 0.676300
vt 0.883400 0.676400
vt 0.906950 0.598300
vt 0.857100 0.776500
vt 0.793850 0.826400
vt 0.813300 0.774100
vt 0.684500 0.796400
vt 0.676050 0.880900
vt 0.643350 0.762100
vt 0.646400 0.678800
vt 0.631600 0.679600
vt 0.633300 0.632400
vt 0.751300 0.953000
vt 0.712400 0.869500
vt 0.718000 0.951000
vt 0.567600 0.861800
vt 0.569650 0.762000
vt 0.602800 0.762100
vt 0.639350 0.869400
vt 0.605650 0.859100
vt 0.638300 0.762100
vt 0.671000 0.880900
vt 0.699100 0.991100
vt 0.596550 0.921600
vt 0.699100 0.950100
vt 0.586300 0.966500
vt 0.524450 0.875900
vt 0.523700 0.720200
vt 0.545050 0.670200
vt 0.544600 0.764100
vt 0.525150 0.625300
vt 0.746800 0.858200
vt 0.766000 0.919400
vt 0.780200 0.856900
vt 0.810050 0.255400
vt 0.801800 0.256200
vt 0.696500 0.243800
vt 0.687400 0.160800
vt 0.687400 0.243800
vt 0.811050 0.168200
vt 0.797900 0.256900
vt 0.811050 0.237900
vt 0.721800 0.271700
vt 0.695350 0.257100
vt 0.721800 0.148800
vt 0.797900 0.139700
vt 0.715150 0.138000
vt 0.662900 0.017600
vt 0.730550 0.123100
vt 0.730550 0.017600
vt 0.662900 0.123000
vt 0.646950 0.239200
vt 0.655450 0.239200
vt 0.655500 0.254000
vt 0.721800 0.257400
vt 0.797900 0.271700
vt 0.696500 0.159000
vt 0.695850 0.139300
vt 0.597100 0.614800
vt 0.585000 0.614500
vt 0.593250 0.550100
vt 0.755350 0.432300
vt 0.744100 0.471400
vt 0.837700 0.452600
vt 0.831150 0.398200
vt 0.686650 0.404900
vt 0.691450 0.293300
vt 0.673100 0.299400
vt 0.651150 0.306700
vt 0.597400 0.380900
vt 0.759600 0.306000
vt 0.635750 0.479700
vt 0.590500 0.484900
vt 0.627700 0.564600
vt 0.657550 0.553300
vt 0.801800 0.245700
vt 0.810050 0.245700
vt 0.801800 0.231700
vt 0.810050 0.231700
vt 0.834200 0.225300
vt 0.883600 0.148500
vt 0.837850 0.149100
vt 0.979950 0.469000
vt 0.875950 0.055700
vt 0.906650 0.059700
vt 0.928100 0.147000
vt 0.945350 0.117900
vt 0.544550 0.217500
vt 0.989450 0.260100
vt 0.518700 0.309800
vt 0.511750 0.205900
vt 0.742000 0.572200
vt 0.757200 0.502100
vt 0.809950 0.533000
vt 0.813350 0.354200
vt 0.931450 0.838400
vt 0.873500 0.896800
vt 0.850600 0.834300
vt 0.891100 0.836000
vt 0.530750 0.092600
vt 0.550350 0.024000
vt 0.519600 0.085600
vt 0.960100 0.683500
vt 0.974300 0.616300
vt 0.982450 0.683000
vt 0.544700 0.094000
vt 0.821800 0.895100
vt 0.778650 0.899300
vt 0.827550 0.896500
vt 0.845650 0.933600
vt 0.931400 0.244500
vt 0.943700 0.467500
vt 0.797900 0.149200
vt 0.538750 0.507200
vt 0.880900 0.515100
vt 0.709200 0.606200
vt 0.761600 0.629300
vt 0.781650 0.595400
vt 0.676250 0.619700
vt 0.745750 0.661800
vt 0.955400 0.453800
vt 0.995750 0.361500
vt 0.985350 0.466400
vt 0.617950 0.016600
vt 0.932500 0.546300
vt 0.933300 0.458800
vt 0.891450 0.516700
vt 0.506100 0.761400
vt 0.962800 0.510300
vt 0.874100 0.676400
vt 0.848800 0.676400
vt 0.844500 0.834300
vt 0.945950 0.530300
vt 0.880450 0.005900
vt 0.928150 0.335300
vt 0.901350 0.488400
vt 0.699100 0.878300
vt 0.699100 0.941600
vt 0.920200 0.392000
vt 0.883850 0.447800
vt 0.910750 0.450500
vt 0.810050 0.172700
vt 0.551450 0.506800
vt 0.540050 0.517800
vt 0.550700 0.517800
vt 0.946450 0.102800
vt 0.680500 0.477400
vt 0.741900 0.893000
vt 0.722450 0.818300
vt 0.561500 0.863300
vt 0.696600 0.533400
vt 0.790850 0.936700
vt 0.607900 0.262100
vt 0.942750 0.195700
vt 0.664800 0.254100
vt 0.676200 0.239300
vt 0.676150 0.254100
vt 0.646900 0.253900
vt 0.664900 0.239200
vt 0.647050 0.199800
vt 0.655500 0.199800
vt 0.664950 0.199900
vt 0.676400 0.199900
vt 0.532900 0.460000
vt 0.751500 0.865200
vt 0.790250 0.826400
vt 0.719200 0.842500
vt 0.731000 0.805400
vt 0.925700 0.838400
vt 0.900650 0.776800
vt 0.927750 0.776700
vt 0.672150 0.762100
vt 0.548100 0.764100
vt 0.557050 0.679200
vt 0.576700 0.678900
vt 0.774750 0.768600
vt 0.827850 0.636100
vt 0.803000 0.768900
vt 0.662000 0.138800
vt 0.656150 0.135900
vt 0.667500 0.138600
vt 0.676450 0.138800
vt 0.676600 0.174100
vt 0.647050 0.138800
vt 0.662350 0.174100
vt 0.647150 0.174100
vt 0.669550 0.174100
vt 0.671300 0.300000
vt 0.864600 0.776500
vt 0.806250 0.930000
vt 0.905650 0.893000
vt 0.769550 0.726700
vt 0.969850 0.648900
vt 0.987300 0.654800
vt 0.958900 0.723100
vt 0.952350 0.643100
vt 0.888750 0.524900
vt 0.793550 0.255400
vt 0.748050 0.776300
vt 0.764500 0.785600
vt 0.803900 0.685900
vt 0.945800 0.097600
vt 0.867850 0.522000
vt 0.699100 0.849700
vt 0.555000 0.394200
vt 0.965750 0.131900
vt 0.949850 0.132700
vt 0.957300 0.073000
vt 0.919700 0.676200
vt 0.742800 0.768300
vt 0.790600 0.801600
vt 0.773200 0.951000
vt 0.795400 0.943900
vt 0.600950 0.679500
vt 0.623200 0.679600
vt 0.608200 0.614800
vt 0.801800 0.172700
vt 0.793550 0.231700
vt 0.793550 0.172700
vt 0.795400 0.633500
vt 0.672750 0.135900
vt 0.625000 0.337500
vt 0.968300 0.648400
vt 0.793550 0.245700
vt 0.793500 0.637400
vt 0.780450 0.654200
vt 0.525050 0.390100
vt 0.536050 0.392200
vt 0.875550 0.581900
vt 0.540400 0.616600
vt 0.809250 0.605600
vt 0.984950 0.208800
vt 0.823100 0.573100
vt 0.831850 0.539200
vt 0.973650 0.601000
vt 0.960300 0.604500
vt 0.967800 0.565500
vt 0.979550 0.636400
vt 0.535000 0.555000
vt 0.880800 0.522900
vt 0.249900 0.843200
vt 0.299900 0.912200
vt 0.385900 0.848200
vt 0.193400 0.665100
vt 0.303250 0.665100
vt 0.196750 0.577200
vt 0.249900 0.744700
vt 0.338200 0.775100
vt 0.418750 0.744700
vt 0.197550 0.912200
vt 0.110750 0.848200
vt 0.077900 0.744700
vt 0.004600 0.744900
vt 0.029600 0.892200
vt 0.492050 0.739800
vt 0.464850 0.894900
vt 0.158450 0.775100
vt 0.327200 0.951900
vt 0.168100 0.950000
vt 0.299900 0.577200
vt 0.385900 0.641200
vt 0.110750 0.641200
vt 0.455000 0.587400
vt 0.328900 0.533400
vt 0.029600 0.591400
vt 0.166900 0.535400
vt 0.385200 0.642000
vt 0.299200 0.578100
vt 0.302550 0.665900
vt 0.111650 0.849100
vt 0.467150 0.893100
vt 0.385200 0.849100
vt 0.197650 0.578100
vt 0.337450 0.776000
vt 0.159350 0.776000
vt 0.031900 0.895700
vt 0.078800 0.745600
vt 0.041750 0.588200
vt 0.467150 0.592200
vt 0.296050 0.352400
vt 0.292050 0.355600
vt 0.296250 0.355000
vt 0.284050 0.351500
vt 0.291950 0.352900
vt 0.284250 0.349100
vt 0.300350 0.351800
vt 0.300600 0.354300
vt 0.305550 0.348400
vt 0.305400 0.347200
vt 0.278600 0.344000
vt 0.310450 0.342600
vt 0.430650 0.445700
vt 0.444750 0.411600
vt 0.444750 0.445700
vt 0.430650 0.405400
vt 0.444750 0.405400
vt 0.430650 0.411600
vt 0.416600 0.411600
vt 0.416600 0.405400
vt 0.416600 0.445700
vt 0.402550 0.411600
vt 0.388450 0.411600
vt 0.402550 0.405400
vt 0.402550 0.445700
vt 0.374400 0.445700
vt 0.388450 0.445700
vt 0.388450 0.405400
vt 0.374400 0.411600
vt 0.374400 0.405400
vt 0.287550 0.148500
vt 0.303250 0.169900
vt 0.284250 0.171400
vt 0.299150 0.085100
vt 0.344900 0.129300
vt 0.326600 0.126500
vt 0.170200 0.438600
vt 0.177750 0.439300
vt 0.331450 0.210700
vt 0.338400 0.207300
vt 0.345550 0.212700
vt 0.298300 0.207400
vt 0.313350 0.206400
vt 0.312550 0.210100
vt 0.078850 0.440700
vt 0.070800 0.438900
vt 0.063850 0.445200
vt 0.187650 0.210100
vt 0.173300 0.206300
vt 0.186900 0.206400
vt 0.204350 0.210600
vt 0.209100 0.208200
vt 0.213100 0.211600
vt 0.047350 0.491800
vt 0.039800 0.448700
vt 0.026650 0.444700
vt 0.098550 0.440200
vt 0.120400 0.438600
vt 0.139150 0.437200
vt 0.146850 0.437500
vt 0.127350 0.438000
vt 0.162300 0.438200
vt 0.160500 0.437500
vt 0.150950 0.436400
vt 0.184000 0.439900
vt 0.200400 0.441400
vt 0.199700 0.441400
vt 0.038600 0.065100
vt 0.140650 0.027900
vt 0.119650 0.071500
vt 0.489250 0.072200
vt 0.488000 0.110900
vt 0.478600 0.065900
vt 0.028250 0.211900
vt 0.054200 0.144400
vt 0.100350 0.143300
vt 0.399850 0.143300
vt 0.472450 0.211200
vt 0.404550 0.180400
vt 0.425550 0.246100
vt 0.424150 0.347700
vt 0.389100 0.277700
vt 0.220250 0.293100
vt 0.249850 0.289000
vt 0.249850 0.311500
vt 0.493900 0.081200
vt 0.095700 0.180400
vt 0.076100 0.347700
vt 0.111150 0.277700
vt 0.108350 0.366700
vt 0.074700 0.246100
vt 0.303500 0.069100
vt 0.262700 0.044100
vt 0.262650 0.036700
vt 0.216850 0.356600
vt 0.172850 0.310100
vt 0.216250 0.312800
vt 0.333200 0.396000
vt 0.376200 0.326700
vt 0.391900 0.366700
vt 0.283400 0.356600
vt 0.284000 0.312800
vt 0.327350 0.310100
vt 0.477650 0.281500
vt 0.027650 0.138000
vt 0.124000 0.326700
vt 0.167100 0.345900
vt 0.167000 0.396000
vt 0.197000 0.169900
vt 0.216000 0.171400
vt 0.210650 0.207000
vt 0.249850 0.193900
vt 0.282800 0.208700
vt 0.249850 0.212300
vt 0.021650 0.065900
vt 0.012250 0.110900
vt 0.011000 0.072200
vt 0.322250 0.296400
vt 0.280000 0.293100
vt 0.316400 0.267200
vt 0.249850 0.251300
vt 0.282300 0.246200
vt 0.026600 0.448100
vt 0.168300 0.149100
vt 0.197550 0.149000
vt 0.172500 0.169100
vt 0.173600 0.126500
vt 0.201050 0.085100
vt 0.207450 0.115300
vt 0.261550 0.087100
vt 0.282550 0.099000
vt 0.275050 0.106600
vt 0.217300 0.415900
vt 0.249850 0.413300
vt 0.249850 0.363800
vt 0.446050 0.144400
vt 0.470800 0.103400
vt 0.380550 0.071500
vt 0.461600 0.065100
vt 0.359600 0.027900
vt 0.029450 0.103400
vt 0.111250 0.439500
vt 0.129450 0.298200
vt 0.216200 0.208900
vt 0.217950 0.246200
vt 0.252950 0.023800
vt 0.335950 0.005600
vt 0.237600 0.036700
vt 0.155350 0.129300
vt 0.196700 0.069100
vt 0.237500 0.044100
vt 0.472600 0.138000
vt 0.326900 0.206300
vt 0.247300 0.023800
vt 0.164250 0.005600
vt 0.260950 0.096100
vt 0.249850 0.094000
vt 0.249850 0.175400
vt 0.217400 0.208700
vt 0.262600 0.160000
vt 0.249850 0.164100
vt 0.235350 0.147500
vt 0.249850 0.150100
vt 0.161850 0.207300
vt 0.154700 0.212700
vt 0.153950 0.209400
vt 0.238650 0.087100
vt 0.239300 0.096100
vt 0.225200 0.106600
vt 0.481450 0.454100
vt 0.469600 0.437700
vt 0.481450 0.439900
vt 0.473450 0.467900
vt 0.489350 0.467900
vt 0.482300 0.495800
vt 0.469450 0.461000
vt 0.467650 0.495800
vt 0.474250 0.495800
vt 0.292800 0.115300
vt 0.249850 0.086200
vt 0.363000 0.235100
vt 0.340800 0.262900
vt 0.282900 0.415900
vt 0.333100 0.345900
vt 0.347350 0.292600
vt 0.355000 0.245200
vt 0.109800 0.480200
vt 0.113050 0.439100
vt 0.097300 0.480700
vt 0.071400 0.479400
vt 0.082750 0.480100
vt 0.168750 0.210700
vt 0.295900 0.210600
vt 0.291150 0.208200
vt 0.216250 0.225600
vt 0.178450 0.470400
vt 0.284000 0.225600
vt 0.183800 0.267200
vt 0.177950 0.296400
vt 0.159450 0.262900
vt 0.152900 0.292600
vt 0.145250 0.245200
vt 0.132800 0.278400
vt 0.137250 0.235100
vt 0.302650 0.149000
vt 0.331950 0.149100
vt 0.327700 0.169100
vt 0.272950 0.116100
vt 0.470100 0.402600
vt 0.489350 0.416900
vt 0.482800 0.392200
vt 0.212700 0.148500
vt 0.346250 0.209400
vt 0.262650 0.060900
vt 0.249850 0.051600
vt 0.473550 0.395700
vt 0.273250 0.126800
vt 0.261000 0.131600
vt 0.367450 0.278400
vt 0.171450 0.472300
vt 0.296850 0.261200
vt 0.148950 0.476200
vt 0.135650 0.478000
vt 0.272100 0.144600
vt 0.249850 0.133500
vt 0.226950 0.126800
vt 0.239200 0.131600
vt 0.090000 0.480600
vt 0.108700 0.480500
vt 0.228100 0.144600
vt 0.232300 0.158800
vt 0.253750 0.148200
vt 0.249850 0.138400
vt 0.249850 0.146400
vt 0.339400 0.168900
vt 0.356050 0.180600
vt 0.351550 0.149900
vt 0.289100 0.223600
vt 0.287100 0.215400
vt 0.287100 0.211600
vt 0.284000 0.208900
vt 0.039200 0.460800
vt 0.148700 0.149900
vt 0.144200 0.180600
vt 0.049550 0.445000
vt 0.051700 0.469200
vt 0.289600 0.207000
vt 0.370800 0.298200
vt 0.264600 0.116100
vt 0.256400 0.118500
vt 0.257350 0.115700
vt 0.243850 0.118500
vt 0.235650 0.116100
vt 0.242850 0.115700
vt 0.489350 0.390000
vt 0.249850 0.118300
vt 0.249850 0.114900
vt 0.160850 0.168900
vt 0.300700 0.234300
vt 0.298900 0.225800
vt 0.290850 0.219100
vt 0.122150 0.479700
vt 0.203400 0.261200
vt 0.160050 0.474200
vt 0.201950 0.207400
vt 0.348100 0.206300
vt 0.357200 0.210100
vt 0.366650 0.218300
vt 0.211150 0.223600
vt 0.213150 0.215400
vt 0.204000 0.223600
vt 0.209350 0.219100
vt 0.199150 0.464500
vt 0.185250 0.468400
vt 0.185150 0.440000
vt 0.249850 0.124300
vt 0.249850 0.130700
vt 0.244500 0.127900
vt 0.173200 0.202700
vt 0.202600 0.204600
vt 0.187000 0.203200
vt 0.133600 0.218300
vt 0.143050 0.210100
vt 0.152150 0.206300
vt 0.022600 0.281500
vt 0.154600 0.437900
vt 0.227300 0.116100
vt 0.217650 0.099000
vt 0.297650 0.204600
vt 0.327050 0.202700
vt 0.313250 0.203200
vt 0.339150 0.203800
vt 0.161100 0.203800
vt 0.265200 0.126400
vt 0.264650 0.118400
vt 0.235550 0.118400
vt 0.235050 0.126400
vt 0.140150 0.214600
vt 0.296250 0.223600
vt 0.237600 0.060900
vt 0.489350 0.495800
vt 0.245000 0.115100
vt 0.246550 0.105900
vt 0.249850 0.105500
vt 0.255200 0.115100
vt 0.253700 0.105900
vt 0.261750 0.106900
vt 0.199500 0.234300
vt 0.201300 0.225800
vt 0.191550 0.227300
vt 0.184900 0.233600
vt 0.184450 0.226500
vt 0.198650 0.228100
vt 0.323800 0.227600
vt 0.315350 0.233600
vt 0.315750 0.226500
vt 0.301600 0.228100
vt 0.118800 0.439000
vt 0.345550 0.219400
vt 0.336500 0.224900
vt 0.341250 0.221000
vt 0.249850 0.033000
vt 0.154650 0.219400
vt 0.150300 0.217800
vt 0.229600 0.112200
vt 0.238500 0.106900
vt 0.239400 0.115800
vt 0.260850 0.115800
vt 0.270600 0.112200
vt 0.360050 0.214600
vt 0.349900 0.217800
vt 0.176450 0.227600
vt 0.163350 0.224500
vt 0.159000 0.221000
vt 0.308700 0.227300
vt 0.230950 0.115800
vt 0.269250 0.115800
vt 0.255750 0.127900
vt 0.006350 0.081200
vt 0.177100 0.439200
vt 0.168450 0.228700
vt 0.331800 0.228700
vn -0.2167 0.7760 -0.5924
vn 0.2883 0.6836 -0.6705
vn -0.0958 -0.1079 0.9895
vn -0.1296 -0.0464 0.9905
vn 0.0447 -0.1076 0.9932
vn -0.7460 -0.0161 0.6657
vn -0.0100 0.0657 0.9978
vn 0.0341 0.1032 0.9941
vn -0.8459 -0.2968 0.4431
vn -0.7877 -0.5397 0.2970
vn -0.8599 -0.0144 0.5102
vn 0.4185 0.6991 0.5798
vn 0.4678 0.8835 -0.0246
vn -0.1919 0.9812 -0.0208
vn -0.2291 0.1713 -0.9582
vn -0.2636 0.2933 -0.9190
vn -0.2781 0.1028 -0.9550
vn -0.4157 0.0660 -0.9071
vn -0.4449 0.0719 -0.8927
vn -0.3077 0.0200 -0.9513
vn -0.3743 0.0845 -0.9234
vn -0.3882 0.1209 -0.9136
vn -0.5090 0.1211 -0.8522
vn -0.8532 -0.0783 0.5157
vn -0.7948 -0.0164 0.6067
vn -0.8479 -0.0971 0.5212
vn -0.7451 0.0129 0.6668
vn -0.7646 0.0048 0.6445
vn -0.1429 -0.3007 -0.9430
vn -0.2066 -0.2820 -0.9369
vn -0.6179 -0.1020 -0.7796
vn 0.9185 0.1509 -0.3656
vn 0.9846 0.1748 0.0011
vn 0.9840 0.0738 -0.1622
vn 0.9365 0.2901 0.1970
vn 0.9159 0.1787 -0.3594
vn 0.8811 0.4109 -0.2342
vn -0.0447 -0.1076 0.9932
vn 0.0958 -0.1079 0.9895
vn -0.0895 -0.1443 0.9855
vn 0.1296 -0.0464 0.9905
vn 0.1719 -0.0527 0.9837
vn 0.7460 -0.0161 0.6657
vn -0.0341 0.1032 0.9941
vn 0.0100 0.0657 0.9978
vn 0.8459 -0.2968 0.4431
vn 0.8599 -0.0144 0.5102
vn 0.7877 -0.5397 0.2970
vn -0.4185 0.6991 0.5798
vn 0.1919 0.9812 -0.0208
vn -0.4678 0.8835 -0.0246
vn 0.2291 0.1713 -0.9582
vn 0.2781 0.1028 -0.9550
vn 0.2636 0.2933 -0.9190
vn 0.4157 0.0660 -0.9071
vn 0.3077 0.0200 -0.9513
vn 0.4449 0.0719 -0.8927
vn 0.3471 0.1227 -0.9298
vn 0.5662 0.1395 -0.8124
vn 0.7046 0.0614 -0.7069
vn 0.3501 0.1580 -0.9233
vn 0.3882 0.1209 -0.9136
vn 0.5090 0.1211 -0.8522
vn 0.8532 -0.0783 0.5157
vn 0.8479 -0.0971 0.5212
vn 0.7948 -0.0164 0.6067
vn 0.7646 0.0047 0.6445
vn 0.7451 0.0129 0.6668
vn 0.1429 -0.3007 -0.9430
vn 0.6179 -0.1020 -0.7796
vn 0.2066 -0.2820 -0.9369
vn -0.9185 0.1509 -0.3656
vn -0.9840 0.0738 -0.1622
vn -0.9846 0.1748 0.0011
vn -0.9783 0.1863 0.0910
vn -0.9159 0.1787 -0.3594
vn -0.9465 0.1917 -0.2596
vn 0.8615 -0.3408 -0.3765
vn 0.8918 -0.2339 -0.3872
vn 0.8097 -0.4704 -0.3509
vn 0.9241 -0.0475 -0.3792
vn 0.9358 0.0672 -0.3461
vn 0.8969 0.2543 -0.3619
vn 0.7720 0.5738 -0.2734
vn 0.7954 0.4645 -0.3894
vn 0.5853 0.8071 -0.0771
vn 0.2918 0.9412 0.1705
vn 0.2897 0.9468 0.1402
vn -0.0113 0.9741 0.2260
vn 0.0980 0.9772 0.1883
vn -0.1624 0.9864 0.0247
vn 0.0550 0.9688 0.2418
vn 0.5874 0.6664 0.4593
vn -0.3027 0.6636 0.6841
vn -0.4811 0.8172 0.3173
vn -0.6166 0.4003 0.6779
vn 0.9025 -0.1842 0.3892
vn 0.7323 -0.1038 0.6730
vn 0.8836 -0.2715 0.3814
vn 0.0678 0.0988 0.9928
vn -0.0025 0.2794 0.9602
vn 0.0714 -0.0062 0.9974
vn 0.1201 0.0905 0.9886
vn 0.0819 0.3043 0.9491
vn 0.1258 0.0068 0.9920
vn 0.4509 -0.3347 0.8274
vn 0.3583 -0.2665 0.8948
vn 0.4307 -0.4204 0.7986
vn -0.4460 0.7301 0.5178
vn -0.1886 0.6008 0.7768
vn -0.3388 0.6300 0.6988
vn -0.9630 0.2155 0.1617
vn -0.9997 0.0168 -0.0198
vn -0.7530 0.2611 0.6040
vn -0.6182 0.4640 0.6345
vn -0.6751 0.4856 0.5554
vn -0.3929 0.1342 0.9097
vn -0.6548 0.5251 0.5436
vn -0.2125 0.9757 -0.0535
vn -0.5008 0.8311 -0.2418
vn -0.4526 0.8852 0.1076
vn -0.4905 0.8331 -0.2556
vn -0.8059 0.3255 -0.4945
vn -0.7967 -0.2835 -0.5337
vn -0.7850 -0.2794 -0.5530
vn -0.8333 -0.1079 -0.5421
vn -0.7593 -0.3137 -0.5701
vn -0.8047 0.4027 0.4362
vn -0.8676 0.4952 -0.0456
vn -0.9429 0.3256 -0.0702
vn 0.6216 0.5444 -0.5632
vn -0.3475 0.7311 -0.5872
vn 0.6103 0.5502 -0.5699
vn 0.3861 0.9028 0.1893
vn -0.4094 0.9069 0.1000
vn -0.3825 -0.0597 0.9220
vn 0.2414 -0.2887 0.9265
vn 0.2483 -0.2809 0.9271
vn -0.2990 0.2921 -0.9084
vn -0.8862 0.2602 -0.3835
vn -0.2849 0.3033 -0.9093
vn -0.2212 0.6458 0.7307
vn -0.1445 0.5004 0.8537
vn -0.5783 -0.8154 0.0275
vn 0.2643 -0.9117 -0.3145
vn 0.3558 -0.9343 0.0209
vn -0.6149 0.6704 -0.4153
vn -0.4200 0.1130 -0.9005
vn 0.2175 -0.6981 -0.6822
vn -0.2170 0.6968 0.6837
vn 0.1716 0.2703 0.9474
vn -0.6124 0.6725 -0.4157
vn 0.6145 -0.6705 0.4157
vn 0.2175 -0.6981 -0.6821
vn 0.4573 -0.8319 -0.3145
vn 0.6122 -0.6717 0.4172
vn 0.6148 0.6705 -0.4153
vn 0.4200 0.1130 -0.9005
vn 0.6124 0.6725 -0.4156
vn -0.2175 -0.6981 -0.6822
vn 0.2170 0.6968 0.6837
vn -0.1715 0.2702 0.9474
vn -0.6145 -0.6705 0.4156
vn -0.2175 -0.6981 -0.6821
vn -0.6122 -0.6717 0.4171
vn -0.9002 0.0675 0.4302
vn -0.3770 0.5152 0.7697
vn -0.6760 0.4561 0.5788
vn -0.6216 0.5444 -0.5632
vn -0.6103 0.5502 -0.5699
vn 0.3475 0.7311 -0.5872
vn 0.4094 0.9069 0.1000
vn -0.3861 0.9028 0.1892
vn -0.2414 -0.2887 0.9265
vn 0.3825 -0.0597 0.9220
vn -0.2483 -0.2809 0.9271
vn 0.8862 0.2602 -0.3835
vn 0.2990 0.2921 -0.9084
vn 0.2849 0.3033 -0.9093
vn 0.7539 0.4394 0.4884
vn 0.3845 0.8525 0.3540
vn 0.2212 0.6458 0.7307
vn -0.3558 -0.9343 0.0209
vn -0.0227 -0.8550 0.5181
vn -0.3090 -0.9423 0.1292
vn -0.5611 -0.3909 0.7296
vn -0.9543 -0.2899 -0.0723
vn -0.8324 -0.4748 0.2858
vn 0.8860 -0.4458 -0.1274
vn 0.9017 -0.2129 -0.3762
vn 0.9966 -0.0313 0.0756
vn 0.9429 -0.3328 0.0144
vn 0.5271 -0.6695 -0.5234
vn 0.6492 -0.7345 -0.1975
vn 0.3208 -0.8003 -0.5066
vn -0.1148 -0.8356 -0.5372
vn -0.0180 -0.7331 -0.6799
vn -0.5193 -0.6812 -0.5160
vn -0.6076 -0.7608 -0.2280
vn -0.6770 -0.7128 -0.1831
vn 0.2584 -0.2158 -0.9416
vn -0.0115 -0.0659 -0.9978
vn -0.0093 0.4292 -0.9032
vn 0.0913 0.4233 -0.9014
vn -0.9977 0.0546 0.0400
vn -0.8323 0.2670 -0.4857
vn -0.9852 -0.1487 -0.0847
vn 0.0066 0.3644 -0.9312
vn -0.0066 0.3644 -0.9312
vn 0.8323 0.2670 -0.4857
vn 0.5209 0.1463 -0.8410
vn 0.7815 0.5868 0.2120
vn 0.9977 0.0546 0.0400
vn -0.5662 0.1395 -0.8124
vn -0.3501 0.1580 -0.9233
vn -0.3471 0.1227 -0.9298
vn 0.7806 0.0137 -0.6249
vn 0.9310 -0.1121 -0.3475
vn 0.5060 -0.1938 -0.8405
vn -0.7927 -0.0582 0.6069
vn 0.7296 -0.4524 -0.5128
vn 0.6564 -0.2973 0.6934
vn 0.8650 -0.1533 0.4778
vn 0.0550 -0.0782 0.9954
vn -0.6892 0.0165 0.7244
vn -0.5060 -0.1938 -0.8405
vn -0.7297 -0.4524 -0.5128
vn -0.9310 -0.1121 -0.3475
vn 0.7927 -0.0582 0.6069
vn -0.7806 0.0137 -0.6249
vn 0.0953 0.1542 -0.9834
vn -0.6538 0.1456 0.7425
vn -0.7488 0.0383 0.6617
vn -0.8650 -0.1533 0.4778
vn -0.6564 -0.2973 0.6934
vn -0.0550 -0.0782 0.9954
vn -0.6340 0.6620 -0.3998
vn -0.9326 0.1384 -0.3334
vn -0.9186 0.3909 -0.0587
vn -0.8897 -0.4364 -0.1342
vn -0.8099 -0.5852 -0.0405
vn 0.8933 0.2798 -0.3516
vn 0.6091 0.6840 0.4014
vn 0.5006 0.4535 0.7374
vn 0.7234 0.4593 0.5155
vn 0.6538 0.1456 0.7425
vn 0.7488 0.0383 0.6617
vn 0.0621 -0.0485 0.9969
vn 0.0793 -0.1734 0.9817
vn 0.7575 -0.1005 0.6451
vn -0.0377 -0.0966 -0.9946
vn -0.6418 -0.0068 0.7668
vn -0.0628 0.4892 0.8699
vn -0.2909 0.6332 0.7172
vn 0.3591 0.7917 0.4942
vn 0.2345 0.9551 0.1809
vn -0.9802 0.0896 0.1767
vn 0.9802 0.0896 0.1767
vn -0.0621 -0.0485 0.9969
vn -0.7575 -0.1005 0.6451
vn -0.7290 0.0070 0.6845
vn -0.2643 -0.9117 -0.3145
vn 0.5747 -0.5202 -0.6318
vn 0.5783 -0.8154 0.0275
vn -0.3845 0.8525 0.3540
vn -0.7539 0.4394 0.4884
vn -0.5747 -0.5202 -0.6318
vn 0.7290 0.0070 0.6845
vn -0.4416 -0.8770 0.1892
vn -0.0543 0.5981 0.7996
vn -0.4573 -0.8319 -0.3145
vn 0.6892 0.0165 0.7244
vn 0.0377 -0.0966 -0.9946
vn 0.9283 0.1592 -0.3360
vn 0.9137 0.3838 0.1336
vn 0.1805 0.8855 -0.4281
vn 0.1734 0.9841 0.0396
vn 0.5433 0.8394 0.0147
vn 0.6979 -0.6996 -0.1532
vn 0.8100 -0.5862 -0.0181
vn -0.0059 0.8140 -0.5808
vn -0.0363 0.9968 -0.0706
vn -0.4751 0.8799 -0.0088
vn 0.0895 -0.1443 0.9855
vn -0.4065 -0.0368 -0.9129
vn 0.0037 0.0440 -0.9990
vn 0.3746 -0.2311 -0.8979
vn -0.0037 0.0440 -0.9990
vn 0.4065 -0.0368 -0.9129
vn -0.3746 -0.2311 -0.8979
vn -0.2453 -0.0469 0.9683
vn -0.0461 -0.3164 -0.9475
vn 0.8190 -0.0398 -0.5724
vn 0.0543 0.5981 0.7996
vn -0.0438 -0.1191 0.9919
vn 0.4416 -0.8770 0.1892
vn -0.7046 0.0614 -0.7069
vn -0.8190 -0.0397 -0.5724
vn 0.0461 -0.3164 -0.9475
vn -0.1721 -0.0522 0.9837
vn -0.8191 -0.1725 -0.5471
vn -0.9962 -0.0865 -0.0098
vn 0.8487 -0.3928 -0.3540
vn -0.0953 0.1542 -0.9834
vn 0.0525 -0.2263 0.9726
vn 0.0297 -0.2823 0.9589
vn 0.0131 0.2249 0.9743
vn -0.8487 -0.3928 -0.3540
vn 0.6418 -0.0068 0.7668
vn -0.0793 -0.1734 0.9817
vn 0.7282 0.0275 0.6848
vn -0.7018 -0.5394 -0.4654
vn -0.7282 0.0275 0.6848
vn 0.7018 -0.5394 -0.4654
vn 0.6961 0.6313 -0.3418
vn -0.5209 0.1463 -0.8410
vn 0.0001 0.2326 -0.9726
vn 0.0227 -0.8550 0.5181
vn 0.8886 0.1836 0.4204
vn 0.0438 -0.1191 0.9919
vn 0.3952 0.1084 0.9122
vn -0.3952 0.1084 0.9122
vn -0.8886 0.1836 0.4204
vn 0.2453 -0.0469 0.9683
vn -0.4527 0.8851 0.1077
vn 0.0582 0.4762 0.8774
vn -0.1071 0.6845 0.7211
vn 0.7928 0.1559 0.5892
vn 0.8997 0.1539 0.4086
vn 0.6870 0.1567 0.7095
vn 0.6412 -0.0296 -0.7668
vn 0.0012 0.1912 -0.9815
vn -0.3247 -0.9367 0.1308
vn 0.1258 -0.9865 0.1050
vn 0.3247 -0.9367 0.1308
vn 0.2428 -0.9663 0.0857
vn 0.2382 0.2965 -0.9248
vn 0.6507 -0.1468 -0.7450
vn -0.5157 0.6321 0.5783
vn -0.2619 0.3612 0.8950
vn -0.8139 0.3178 -0.4864
vn 0.5691 0.3288 -0.7537
vn 0.9852 -0.1487 -0.0847
vn -0.3672 0.7291 0.5775
vn -0.1715 -0.0540 0.9837
vn -0.7687 0.0090 0.6396
vn -0.9110 -0.2147 -0.3521
vn -0.5826 0.2744 -0.7650
vn -0.6451 -0.1548 -0.7483
vn 0.9898 0.1234 -0.0708
vn 0.3471 -0.5726 -0.7427
vn 0.3115 -0.6385 -0.7038
vn -0.9358 0.1517 0.3182
vn 0.8207 0.5604 -0.1114
vn -0.6873 -0.0622 0.7237
vn -0.1965 0.6427 0.7404
vn 0.5873 0.1759 -0.7900
vn 0.1236 -0.5301 -0.8389
vn -0.8997 0.1539 0.4086
vn -0.6870 0.1567 0.7095
vn 0.6379 0.0077 0.7701
vn 0.9465 0.1917 -0.2596
vn 0.7687 0.0090 0.6396
vn 0.1715 -0.0540 0.9837
vn -0.8811 0.4109 -0.2342
vn -0.9365 0.2900 0.1970
vn -0.0503 0.3641 0.9300
vn 0.6954 0.3806 0.6095
vn -0.7254 0.1508 0.6716
vn -0.7222 -0.0259 0.6912
vn 0.9074 0.4098 0.0931
vn 0.9255 0.1285 0.3562
vn 0.9902 0.1109 -0.0843
vn 0.2641 -0.1197 0.9570
vn -0.8848 -0.1242 -0.4491
vn -0.7255 -0.1939 -0.6604
vn -0.9637 -0.1350 -0.2303
vn -0.1381 -0.1232 0.9827
vn 0.1804 -0.2449 0.9526
vn 0.7431 0.2778 0.6088
vn 0.6206 0.6622 0.4199
vn 0.5925 0.0177 0.8054
vn 0.7107 -0.1730 -0.6819
vn 0.5076 -0.6321 -0.5855
vn 0.1405 -0.4578 -0.8779
vn -0.3756 -0.1531 0.9140
vn 0.0026 0.8044 0.5941
vn -0.5104 -0.0956 0.8546
vn 0.4197 0.1358 -0.8974
vn 0.0510 -0.8559 -0.5147
vn -0.3461 -0.8120 -0.4700
vn -0.2327 -0.2164 -0.9482
vn 0.5789 0.2372 0.7801
vn -0.1436 0.9180 -0.3695
vn -0.1328 0.9908 0.0245
vn 0.2226 0.9711 0.0859
vn 0.4930 0.8680 0.0587
vn 0.7151 0.6748 0.1825
vn -0.6379 0.0077 0.7701
vn -0.6218 -0.4275 0.6562
vn -0.7174 0.5153 -0.4688
vn -0.4562 0.6182 -0.6401
vn -0.9010 0.3567 -0.2467
vn -0.1299 -0.3043 0.9437
vn -0.2382 0.2965 -0.9248
vn -0.1258 -0.9865 0.1050
vn -0.2428 -0.9663 0.0857
vn 0.6282 0.2084 0.7496
vn -0.7815 0.5868 0.2120
vn -0.6282 0.2083 0.7497
vn -0.3315 0.1293 0.9345
vn -0.8251 0.1318 0.5493
vn -0.8286 -0.0471 0.5578
vn 0.3743 0.0845 -0.9234
vn 0.2151 0.2907 -0.9323
vn 0.2111 0.9774 -0.0128
vn 0.1788 0.1788 0.9675
vn 0.8356 -0.0054 0.5494
vn 0.7745 0.0092 0.6325
vn 0.7727 0.0130 0.6346
vn 0.7743 0.0008 0.6328
vn -0.7727 0.0131 0.6347
vn -0.7745 0.0093 0.6325
vn -0.7743 0.0008 0.6328
vn -0.8356 -0.0054 0.5494
vn 0.9896 -0.1200 0.0793
vn -0.7045 -0.1769 0.6873
vn -0.9820 0.1815 -0.0523
vn -0.6275 0.6590 0.4147
vn 0.0628 0.9808 -0.1848
vn -0.6795 -0.1816 0.7108
vn -0.1852 -0.2261 0.9563
vn -0.1699 -0.3588 0.9178
vn 0.1299 -0.3043 0.9437
vn -0.2111 0.9774 -0.0128
vn -0.2151 0.2907 -0.9323
vn 0.9643 -0.2570 -0.0635
vn 0.7642 -0.2353 0.6005
vn 0.4328 -0.2954 0.8517
vn -0.1849 0.9707 0.1534
vn 0.7513 -0.6209 -0.2239
vn -0.9492 -0.3147 0.0049
vn -0.0517 -0.9159 -0.3981
vn 0.7117 0.5166 -0.4761
vn 0.8748 0.3842 -0.2950
vn 0.4937 0.6093 -0.6205
vn 0.0117 -0.1894 0.9818
vn -0.0028 -0.0679 0.9977
vn 0.7343 0.0554 0.6766
vn 0.3161 0.2065 0.9260
vn -0.0638 0.6847 0.7260
vn 0.2886 0.9480 0.1344
vn -0.0648 0.9958 0.0652
vn -0.7928 0.1559 0.5892
vn 0.0638 0.6847 0.7260
vn -0.3161 0.2065 0.9260
vn 0.0028 -0.0679 0.9977
vn 0.9783 0.1863 0.0910
vn -0.4335 0.1326 0.8914
vn 0.4242 0.0513 0.9041
vn -0.4242 0.0513 0.9041
vn 0.4335 0.1326 0.8914
vn -0.1359 0.4589 -0.8780
vn -0.7342 0.0554 0.6766
vn -0.7642 -0.2353 0.6005
vn 0.1445 0.5004 0.8537
vn -0.0117 -0.1893 0.9819
vn -0.9643 -0.2570 -0.0635
vn -0.4328 -0.2954 0.8517
vn 0.0285 -0.3835 0.9231
vn -0.7391 -0.3288 -0.5879
vn 0.6162 0.7440 0.2585
vn -0.2072 0.1325 -0.9693
vn 0.2072 0.1325 -0.9693
vn -0.6386 0.7683 0.0443
vn 0.0125 -0.2037 0.9790
vn 0.8701 0.3134 0.3804
vn 0.3090 -0.9423 0.1292
vn 0.7619 -0.5514 -0.3399
vn 0.7460 -0.5561 -0.3664
vn 0.7210 -0.6174 -0.3145
vn 0.8359 -0.4584 -0.3020
vn -0.0125 -0.2037 0.9790
vn -0.6412 -0.0296 -0.7668
vn -0.0012 0.1912 -0.9815
vn -0.9558 0.2935 -0.0177
vn -0.7155 -0.3857 -0.5825
vn -0.0116 0.5759 0.8174
vn 0.0116 0.5759 0.8174
vn 0.1528 0.2690 0.9509
vn 0.1361 0.1062 0.9850
vn -0.1404 0.1941 0.9709
vn 0.3415 -0.1963 0.9192
vn 0.0758 -0.1611 0.9840
vn 0.3417 -0.2433 0.9078
vn 0.2174 -0.0697 0.9736
vn -0.0957 0.0515 0.9941
vn -0.2270 0.0209 0.9737
vn 0.2741 0.2335 0.9329
vn 0.4899 0.1950 0.8497
vn 0.5793 -0.0747 0.8117
vn 0.5885 -0.2220 0.7774
vn 0.5401 -0.0432 0.8405
vn -0.2968 0.1478 0.9434
vn 0.0528 -0.0341 0.9980
vn 0.4285 -0.0298 0.9031
vn 0.1839 -0.1960 0.9632
vn 0.4272 0.1367 0.8938
vn 0.0911 -0.2077 0.9739
vn -0.0764 -0.0836 0.9936
vn 0.4851 -0.2094 0.8490
vn -0.1468 0.0304 0.9887
vn -0.0250 -0.1159 0.9929
vn 0.4354 -0.3187 0.8419
vn 0.1896 -0.3010 0.9346
vn -0.4851 -0.2094 0.8490
vn -0.3417 -0.2433 0.9078
vn -0.3415 -0.1963 0.9192
vn -0.1528 0.2690 0.9509
vn 0.1404 0.1941 0.9709
vn -0.1361 0.1062 0.9850
vn -0.0758 -0.1611 0.9840
vn -0.5401 -0.0432 0.8405
vn -0.5793 -0.0747 0.8117
vn -0.4899 0.1950 0.8497
vn -0.2741 0.2335 0.9329
vn -0.0911 -0.2077 0.9739
vn 0.0764 -0.0836 0.9936
vn -0.4285 -0.0298 0.9031
vn -0.2174 -0.0697 0.9736
vn 0.0957 0.0515 0.9941
vn -0.5885 -0.2221 0.7774
vn -0.0528 -0.0341 0.9980
vn 0.2968 0.1478 0.9434
vn 0.2270 0.0209 0.9737
vn -0.4272 0.1367 0.8938
vn -0.1839 -0.1960 0.9632
vn 0.1468 0.0304 0.9887
vn 0.0251 -0.1159 0.9929
vn -0.4354 -0.3187 0.8419
vn -0.1896 -0.3010 0.9346
vn 0.3369 -0.0162 0.9414
vn 0.4015 0.0364 0.9151
vn 0.3487 -0.0151 0.9371
vn -0.4072 0.0177 0.9132
vn -0.5320 0.1616 0.8312
vn -0.4483 0.1114 0.8869
vn 0.5184 0.1127 0.8477
vn 0.4364 0.0939 0.8948
vn 0.5338 0.1312 0.8354
vn 0.2993 -0.0746 0.9512
vn 0.3088 -0.0594 0.9493
vn 0.2794 -0.0703 0.9576
vn -0.3348 -0.0332 0.9417
vn -0.3461 -0.0330 0.9376
vn -0.3098 -0.0740 0.9479
vn -0.2809 -0.0802 0.9564
vn -0.3006 -0.0865 0.9498
vn -0.2736 -0.0735 0.9590
vn -0.5397 0.2134 0.8144
vn -0.5913 0.1781 0.7865
vn 0.5883 0.1014 0.8022
vn 0.2719 -0.0654 0.9601
vn 0.2494 -0.0666 0.9661
vn -0.2512 -0.0740 0.9651
vn 0.7235 -0.0821 0.6854
vn 0.7610 -0.5792 0.2923
vn 0.8325 -0.1625 0.5297
vn 0.3445 -0.9377 0.0455
vn 0.4837 -0.8745 0.0353
vn 0.5244 -0.7583 0.3873
vn 0.2601 -0.5082 0.8210
vn 0.0563 -0.9945 0.0881
vn 0.3075 -0.1185 0.9441
vn -0.2706 -0.7270 0.6310
vn -0.6150 -0.6560 0.4375
vn -0.0979 -0.9897 0.1048
vn -0.1900 -0.1223 0.9741
vn -0.8545 -0.1049 0.5087
vn -0.6623 -0.0998 0.7426
vn -0.3640 -0.9260 0.0998
vn -0.6668 -0.7074 0.2345
vn -0.4925 -0.8647 0.0988
vn 0.2971 -0.2494 0.9217
vn 0.3878 0.3661 0.8459
vn 0.3660 0.1651 0.9158
vn 0.5198 -0.7136 0.4696
vn 0.7334 -0.6758 0.0732
vn 0.6328 -0.6154 0.4699
vn 0.4054 -0.4928 0.7699
vn 0.5666 -0.6353 0.5247
vn 0.5696 -0.8193 0.0649
vn 0.0886 0.9828 0.1622
vn -0.1754 0.9779 0.1140
vn -0.2925 0.9482 0.1243
vn 0.7913 0.6092 0.0525
vn 0.5994 0.8004 0.0095
vn 0.5936 0.8005 0.0822
vn -0.2654 -0.3370 0.9033
vn -0.9970 -0.0379 0.0680
vn -0.5607 0.1143 0.8201
vn -0.5937 0.8005 0.0822
vn -0.3290 0.9393 0.0973
vn -0.5994 0.8004 0.0095
vn 0.5607 0.1143 0.8201
vn 0.9970 -0.0379 0.0680
vn 0.2653 -0.3371 0.9033
vn -0.9160 0.3891 0.0977
vn -0.9860 0.1525 0.0679
vn -0.9962 0.0150 0.0853
vn 0.8673 0.4866 0.1047
vn 0.3570 0.6408 0.6797
vn 0.6889 0.7195 0.0877
vn -0.8730 -0.4839 0.0608
vn -0.3223 -0.5257 0.7873
vn -0.5412 -0.8389 0.0582
vn 0.1057 -0.9914 0.0777
vn -0.1655 -0.9806 0.1054
vn -0.1537 -0.7559 0.6364
vn -0.4450 -0.8932 0.0648
vn -0.4164 -0.6607 0.6246
vn -0.4290 -0.7584 0.4907
vn 0.6716 -0.7387 0.0577
vn 0.6536 -0.6762 0.3399
vn 0.6604 -0.7506 0.0206
vn -0.6052 -0.7543 -0.2546
vn -0.3508 -0.8952 -0.2749
vn -0.5853 -0.7744 -0.2400
vn 0.2458 -0.6702 -0.7003
vn 0.3623 -0.6841 -0.6330
vn 0.5367 -0.6896 -0.4862
vn -0.8129 -0.5154 -0.2711
vn -0.6988 -0.6151 -0.3652
vn -0.7687 -0.6060 -0.2046
vn 0.7687 -0.6060 -0.2046
vn 0.8129 -0.5154 -0.2711
vn 0.9201 -0.3871 -0.0592
vn 0.9777 -0.1996 0.0657
vn 0.9959 -0.0818 0.0390
vn 0.9754 0.0007 0.2205
vn -0.2317 -0.0273 0.9724
vn -0.0000 0.0562 0.9984
vn -0.0000 0.2314 0.9729
vn 0.1562 -0.6150 -0.7729
vn -0.9201 -0.3871 -0.0592
vn -0.9959 -0.0818 0.0390
vn -0.9754 0.0007 0.2205
vn -0.9235 0.1899 0.3334
vn -0.9777 -0.1996 0.0657
vn 0.5820 -0.8124 -0.0348
vn 0.4064 -0.8880 0.2154
vn 0.3377 -0.9082 -0.2473
vn -0.2361 0.5408 0.8073
vn -0.4532 0.3397 0.8241
vn -0.1890 0.2702 0.9441
vn 0.6354 0.5095 0.5802
vn 0.8478 0.3133 0.4279
vn 0.9235 0.1899 0.3334
vn 0.2361 0.5408 0.8073
vn 0.1890 0.2702 0.9441
vn 0.4532 0.3397 0.8241
vn 0.9609 -0.2700 -0.0616
vn -0.6026 -0.6536 -0.4579
vn -0.8478 0.3133 0.4279
vn -0.5695 0.4962 0.6553
vn -0.6354 0.5095 0.5802
vn -0.3878 0.3661 0.8459
vn -0.3660 0.1651 0.9159
vn -0.5117 0.3914 0.7648
vn -0.0000 0.1213 0.9926
vn 0.4681 -0.0062 0.8837
vn -0.0000 -0.2237 0.9747
vn -0.5367 -0.6896 -0.4863
vn -0.3623 -0.6841 -0.6330
vn -0.2458 -0.6702 -0.7003
vn 0.3016 0.0355 0.9528
vn 0.2317 -0.0273 0.9724
vn 0.2508 -0.2334 0.9395
vn -0.0000 -0.1697 0.9855
vn 0.3209 -0.2398 0.9162
vn 0.0716 0.5076 0.8586
vn -0.6499 -0.4354 0.6229
vn -0.3817 -0.3774 0.8437
vn -0.4496 0.1144 0.8859
vn -0.6328 -0.6154 0.4699
vn -0.5198 -0.7136 0.4696
vn -0.3278 -0.5799 0.7458
vn 0.2597 -0.5112 0.8193
vn 0.3378 -0.5726 0.7470
vn 0.3245 -0.5250 0.7869
vn -0.2955 0.6948 0.6557
vn -0.0000 0.7370 0.6759
vn -0.0000 0.4754 0.8797
vn 0.8730 -0.4839 0.0608
vn 0.6988 -0.6151 -0.3652
vn 0.6117 -0.6932 -0.3813
vn 0.5829 -0.7761 -0.2407
vn 0.6019 -0.7577 -0.2523
vn 0.3466 -0.8964 -0.2763
vn -0.6117 -0.6932 -0.3813
vn -0.0368 -0.6605 0.7499
vn -0.8211 0.2705 0.5026
vn -0.9984 -0.0476 0.0311
vn -0.3209 -0.2398 0.9162
vn 0.1914 -0.9348 -0.2993
vn 0.1742 -0.9263 -0.3342
vn -0.3391 -0.9083 -0.2449
vn -0.7334 -0.6758 0.0732
vn -0.5820 -0.8124 -0.0348
vn -0.4064 -0.8880 0.2154
vn 0.6026 -0.6536 -0.4579
vn 0.3290 0.9393 0.0973
vn -0.1902 -0.9353 -0.2984
vn -0.1701 -0.9269 -0.3345
vn 0.3011 -0.6500 0.6977
vn -0.0000 -0.6564 0.7544
vn -0.0000 0.2978 0.9546
vn -0.4681 -0.0062 0.8837
vn 0.6134 0.2517 0.7486
vn -0.0000 0.5774 0.8165
vn -0.7795 0.0392 0.6251
vn -0.0000 0.3427 0.9395
vn 0.1754 0.9779 0.1140
vn 0.2925 0.9482 0.1243
vn 0.4042 0.9134 0.0493
vn -0.2597 -0.5112 0.8193
vn -0.3011 -0.6500 0.6977
vn -0.3245 -0.5250 0.7869
vn -0.0000 0.5912 0.8065
vn -0.2343 -0.9515 0.1995
vn -0.0000 -0.7731 0.6343
vn -0.3109 0.9226 -0.2285
vn -0.0000 0.9557 -0.2942
vn -0.2206 0.8887 -0.4019
vn 0.7634 0.6333 0.1266
vn -0.9501 0.2794 0.1386
vn 0.3169 0.8817 -0.3496
vn 0.3278 -0.5799 0.7458
vn -0.3570 0.6408 0.6797
vn -0.6889 0.7195 0.0877
vn -0.0716 0.5076 0.8586
vn -0.0000 -0.4888 0.8724
vn 0.2343 -0.9515 0.1995
vn -0.7634 0.6334 0.1267
vn -0.3169 0.8816 -0.3497
vn 0.9501 0.2794 0.1389
vn 0.8779 -0.1189 0.4638
vn 0.3673 -0.3174 0.8743
vn 0.2955 0.6948 0.6557
vn 0.5695 0.4962 0.6553
vn 0.2206 0.8887 -0.4019
vn 0.3109 0.9226 -0.2285
vn 0.6216 0.1014 0.7767
vn 0.5753 -0.1780 0.7983
vn 0.3645 -0.7200 0.5906
vn 0.1655 -0.9806 0.1054
vn 0.1537 -0.7559 0.6364
vn 0.3745 -0.2173 0.9014
vn 0.0368 -0.6605 0.7499
vn 0.3735 -0.1364 0.9175
vn 0.3729 -0.1489 0.9159
vn -0.3729 -0.1489 0.9159
vn -0.4824 -0.1662 0.8600
vn 0.3223 -0.5257 0.7873
vn -0.0886 0.9828 0.1622
vn 0.9160 0.3891 0.0977
vn 0.9860 0.1525 0.0679
vn 0.4164 -0.6607 0.6246
vn 0.4450 -0.8932 0.0648
vn -0.3248 -0.2747 0.9050
vn 0.2343 -0.2251 0.9457
vn 0.3248 -0.2747 0.9050
vn -0.2508 -0.2334 0.9395
vn -0.3016 0.0355 0.9528
vn -0.3673 -0.3174 0.8743
vn -0.6216 0.1014 0.7767
vn -0.5753 -0.1780 0.7983
vn -0.8492 0.0070 0.5280
vn -0.8779 -0.1189 0.4638
vn 0.3817 -0.3774 0.8437
vn 0.6499 -0.4354 0.6230
vn 0.4496 0.1144 0.8859
vn 0.3526 -0.5623 0.7480
vn -0.2739 -0.9554 -0.1106
vn -0.0000 -0.9757 -0.2193
vn -0.0869 -0.9559 -0.2804
vn -0.2971 -0.2494 0.9217
vn -0.4042 0.9134 0.0493
vn 0.3902 -0.6748 0.6264
vn -0.0000 -0.7531 0.6579
vn 0.0869 -0.9559 -0.2804
vn 0.1635 -0.9743 -0.1548
vn 0.2739 -0.9554 -0.1107
vn -0.1635 -0.9743 -0.1548
vn 0.3117 -0.4990 0.8086
vn 0.3528 -0.3946 0.8484
vn 0.4825 -0.1665 0.8599
vn 0.8492 0.0070 0.5280
vn 0.2439 -0.2143 0.9458
vn 0.2963 -0.2355 0.9256
vn 0.3100 -0.2159 0.9259
vn 0.3499 -0.2691 0.8973
vn 0.5672 -0.2163 0.7946
vn -0.0000 -0.6546 0.7560
vn -0.3117 -0.4990 0.8086
vn -0.3528 -0.3946 0.8484
vn -0.4261 -0.1321 0.8950
vn -0.3745 -0.2173 0.9014
vn -0.3735 -0.1364 0.9175
vn -0.5672 -0.2163 0.7947
vn -0.6134 0.2517 0.7486
vn 0.7795 0.0392 0.6251
vn -0.0000 -0.6610 0.7504
vn -0.0000 -0.2899 0.9571
vn 0.6631 -0.0692 0.7454
vn 0.8508 -0.3100 0.4243
vn 0.8504 -0.4925 0.1848
vn 0.4028 -0.3052 0.8629
vn 0.5072 -0.2597 0.8217
vn 0.9962 0.0150 0.0853
vn 0.9984 -0.0476 0.0311
vn -0.4883 -0.1399 0.8614
vn -0.8504 -0.4925 0.1848
vn -0.8508 -0.3100 0.4243
vn 0.2655 0.2671 0.9264
vn -0.1543 -0.0143 0.9879
vn 0.5117 0.3914 0.7648
vn 0.1543 -0.0143 0.9879
vn -0.2654 0.2671 0.9264
vn 0.4883 -0.1399 0.8614
vn 0.8211 0.2705 0.5027
vn 0.3243 -0.7608 0.5621
vn 0.2824 -0.5716 0.7704
vn 0.2357 -0.7789 0.5811
vn -0.2824 -0.5716 0.7704
vn -0.3243 -0.7608 0.5621
vn -0.2357 -0.7789 0.5811
vn -0.0000 -0.9345 -0.3560
vn -0.0000 -0.6679 0.7442
vn -0.0000 -0.8184 0.5747
vn -0.6631 -0.0692 0.7454
vn -0.8674 0.4865 0.1047
vn 0.4564 -0.4982 0.7372
vn 0.5300 -0.5138 0.6746
vn 0.2099 -0.2634 0.9416
vn -0.2985 -0.2525 0.9204
vn -0.3100 -0.2159 0.9259
vn -0.2963 -0.2355 0.9256
vn -0.2439 -0.2143 0.9458
vn -0.2413 -0.2040 0.9488
vn -0.4054 -0.4928 0.7699
vn -0.7913 0.6092 0.0525
vn 0.6100 -0.0955 0.7866
vn 0.6776 -0.3333 0.6556
vn 0.8505 -0.2231 0.4764
vn -0.4028 -0.3052 0.8629
vn -0.5072 -0.2597 0.8218
vn -0.3669 -0.2636 0.8921
vn -0.2099 -0.2635 0.9415
vn -0.3994 -0.3033 0.8652
vn -0.3011 -0.2340 0.9244
vn -0.5523 -0.5313 0.6424
vn -0.0000 -0.3383 0.9411
vn -0.0000 -0.4645 0.8856
vn -0.3001 -0.3497 0.8875
vn -0.2040 0.6159 0.7610
vn -0.5390 0.5881 0.6030
vn -0.3529 0.6442 0.6786
vn -0.8505 -0.2231 0.4763
vn -0.6776 -0.3333 0.6556
vn -0.6100 -0.0955 0.7866
vn 0.4261 -0.1321 0.8950
vn -0.9609 -0.2700 -0.0616
vn -0.3464 -0.9354 0.0709
vn -0.3526 -0.5623 0.7480
vn -0.3378 -0.5726 0.7470
vn 0.5389 0.5881 0.6030
vn 0.2040 0.6159 0.7610
vn 0.3529 0.6442 0.6786
vn 0.3852 0.2862 0.8773
vn -0.3852 0.2862 0.8773
vn 0.4230 -0.3620 0.8307
vn 0.4044 -0.5923 0.6969
vn -0.4044 -0.5923 0.6969
vn -0.4230 -0.3620 0.8307
vn -0.6536 -0.6767 0.3391
vn -0.6717 -0.7386 0.0574
vn -0.7441 -0.2606 0.6152
vn 0.5522 -0.5312 0.6426
vn 0.3011 -0.2340 0.9244
vn 0.3994 -0.3033 0.8652
vn 0.3669 -0.2636 0.8921
vn -0.3902 -0.6748 0.6264
vn -0.0000 0.9064 -0.4224
vn -0.2210 -0.2656 0.9384
vn -0.2164 -0.6138 0.7592
vn -0.0000 -0.4957 0.8685
vn -0.0000 -0.3078 0.9515
vn 0.2210 -0.2656 0.9384
vn 0.2164 -0.6138 0.7592
vn 0.4056 -0.4018 0.8210
vn -0.4564 -0.4982 0.7372
vn -0.5300 -0.5138 0.6746
vn -0.2343 -0.2251 0.9457
vn -0.4223 -0.5531 0.7182
vn -0.3319 -0.3717 0.8670
vn -0.3287 -0.3569 0.8744
vn -0.5404 -0.6353 0.5517
vn 0.3236 -0.4337 0.8409
vn 0.3319 -0.3717 0.8670
vn 0.3288 -0.3569 0.8744
vn 0.5404 -0.6353 0.5517
vn 0.5412 -0.8389 0.0582
vn 0.6310 -0.1289 0.7650
vn 0.4147 -0.1527 0.8971
vn 0.3921 -0.1498 0.9076
vn -0.1058 -0.9914 0.0771
vn 0.4290 -0.7584 0.4907
vn 0.3464 -0.9354 0.0709
vn -0.0000 -0.9998 -0.0181
vn -0.6310 -0.1289 0.7650
vn -0.7421 -0.1279 0.6580
vn -0.3739 -0.3998 0.8369
vn -0.4056 -0.4018 0.8210
vn -0.3739 -0.2285 0.8989
vn 0.3739 -0.2285 0.8989
vn 0.3739 -0.3998 0.8369
vn 0.7441 -0.2606 0.6152
vn 0.7421 -0.1279 0.6580
vn -0.3236 -0.4337 0.8410
vn -0.3499 -0.2691 0.8973
vn -0.4147 -0.1527 0.8971
vn -0.3921 -0.1498 0.9076
vn 0.2414 -0.2040 0.9488
vn 0.4223 -0.5531 0.7182
vn 0.2985 -0.2525 0.9204
vn -0.4240 -0.6908 0.5857
vn -0.3808 -0.5261 0.7604
vn 0.3809 -0.5262 0.7603
vn 0.4241 -0.6908 0.5857
vn -0.5698 -0.8192 0.0650
vn -0.5668 -0.6350 0.5248
vn -0.6598 -0.7512 0.0206
vn -0.3645 -0.7199 0.5906
vn 0.3001 -0.3497 0.8875
vn -0.1562 -0.6150 -0.7729
vn 0.6589 -0.7492 0.0681
vn -0.3751 -0.3609 0.8538
vn 0.3751 -0.3609 0.8538
vn -0.6596 -0.7485 0.0684
usemtl combined
f 1/1/1 2/2/1 3/3/1
f 4/3/2 5/2/2 6/1/2
f 7/4/3 8/5/4 9/6/5
f 10/7/6 11/8/7 12/9/8
f 13/10/9 14/11/10 15/12/11
f 16/13/12 17/14/13 18/15/14
f 19/16/15 20/17/16 21/18/17
f 22/19/18 23/20/19 24/21/20
f 23/20/19 22/19/18 25/22/21
f 26/23/22 27/24/23 23/20/19
f 28/25/24 29/26/25 30/27/26
f 29/26/25 31/28/27 32/29/28
f 33/30/29 34/31/30 35/32/31
f 36/33/32 37/34/33 38/35/34
f 39/36/35 40/37/36 41/38/37
f 42/6/38 43/4/39 44/39/40
f 45/5/41 46/40/42 43/4/39
f 47/7/43 48/9/44 49/8/45
f 50/10/46 51/12/47 52/11/48
f 53/13/49 54/15/50 55/14/51
f 56/16/52 57/18/53 58/17/54
f 59/19/55 60/21/56 61/20/57
f 62/41/58 63/42/59 64/43/60
f 63/42/59 62/41/58 65/44/61
f 66/23/62 61/20/57 67/24/63
f 68/25/64 69/27/65 70/26/66
f 70/26/66 71/29/67 72/28/68
f 73/30/69 74/32/70 75/31/71
f 76/33/72 77/35/73 78/34/74
f 79/45/75 80/37/76 81/46/77
f 82/47/78 83/48/79 84/49/80
f 83/48/79 82/47/78 85/50/81
f 86/51/82 85/50/81 87/52/83
f 88/53/84 87/52/83 89/54/85
f 90/55/86 91/56/87 88/53/84
f 91/56/87 92/57/88 93/58/89
f 94/59/90 95/60/91 96/61/92
f 97/62/93 96/61/92 98/63/94
f 98/63/94 99/64/95 100/65/96
f 101/66/97 102/67/98 103/68/99
f 104/69/100 105/70/101 106/71/102
f 107/72/103 108/73/104 109/74/105
f 110/75/106 111/76/107 112/77/108
f 113/78/109 114/79/110 115/80/111
f 116/81/112 117/82/113 118/83/114
f 118/83/114 119/84/115 120/85/116
f 119/84/115 121/86/117 122/87/118
f 123/88/119 124/89/120 125/90/121
f 124/89/120 127/91/122 128/92/123
f 129/93/124 130/94/125 131/95/126
f 129/93/124 132/96/127 130/94/125
f 133/97/128 134/98/129 135/99/130
f 136/100/131 137/100/132 138/100/133
f 137/100/132 139/101/134 140/100/135
f 139/101/134 136/100/131 138/100/133
f 141/102/136 142/103/137 143/104/138
f 144/105/139 145/106/140 146/107/141
f 147/108/142 141/102/136 148/109/143
f 149/110/144 150/111/145 151/112/146
f 152/113/147 153/114/148 154/115/149
f 155/114/150 152/113/147 156/115/151
f 152/113/147 155/114/150 157/116/152
f 156/115/151 158/116/153 155/114/150
f 158/116/153 154/115/154 159/114/155
f 154/115/154 158/116/153 160/113/156
f 161/113/157 162/114/158 163/116/159
f 162/114/158 161/113/157 164/115/160
f 161/113/157 165/114/161 166/115/162
f 165/114/161 161/113/157 163/116/159
f 167/116/163 166/115/162 165/114/161
f 167/116/163 164/115/164 168/113/165
f 169/117/166 170/118/167 171/119/168
f 172/100/169 173/100/170 174/100/171
f 174/100/171 175/100/172 176/101/173
f 172/100/169 176/101/173 173/100/170
f 177/103/174 178/102/175 179/104/176
f 180/106/177 181/105/178 182/107/179
f 183/120/180 184/121/181 185/108/182
f 186/112/183 187/122/184 188/123/185
f 189/124/186 190/125/187 191/126/188
f 192/127/189 193/128/190 194/129/191
f 192/127/189 194/129/191 195/130/192
f 196/131/193 197/132/194 198/133/195
f 199/134/196 200/135/197 196/131/193
f 201/131/198 202/132/199 203/136/200
f 204/137/201 196/131/193 200/135/197
f 205/138/202 206/139/203 207/140/204
f 208/141/205 209/142/206 210/143/207
f 137/100/132 136/100/131 211/142/208
f 212/142/209 213/142/210 214/144/211
f 213/142/210 215/101/212 216/141/213
f 217/42/214 218/44/215 219/41/216
f 220/145/217 221/146/218 222/147/219
f 30/27/26 223/148/220 28/25/24
f 224/149/221 222/147/219 221/146/218
f 225/150/222 226/151/223 227/152/224
f 11/8/7 10/7/6 228/153/225
f 229/147/226 230/149/227 231/146/228
f 232/148/229 69/27/65 68/25/64
f 231/146/228 233/145/230 229/147/226
f 234/154/231 65/44/61 62/41/58
f 235/155/232 236/156/233 49/8/45
f 237/151/234 238/150/235 239/152/236
f 240/157/237 241/158/238 242/159/239
f 243/127/240 203/136/200 244/160/241
f 87/52/83 245/161/242 86/51/82
f 246/162/243 247/163/244 248/164/245
f 249/155/246 11/8/7 250/156/247
f 251/165/248 252/166/249 253/167/250
f 254/168/251 255/169/251 256/170/251
f 252/166/249 251/165/248 257/171/252
f 105/70/101 258/172/253 259/173/254
f 260/174/255 246/162/243 261/175/256
f 78/34/74 77/35/73 262/176/257
f 231/146/228 230/149/227 237/151/234
f 224/149/221 221/146/218 226/151/223
f 38/35/34 37/34/33 263/176/258
f 38/35/34 263/176/258 226/151/223
f 250/156/247 251/165/248 253/167/250
f 264/165/259 236/156/233 265/167/260
f 262/176/257 77/35/73 237/151/234
f 226/151/223 225/150/222 224/149/221
f 223/148/220 30/27/26 266/177/261
f 267/111/262 268/178/263 269/110/264
f 180/106/177 184/121/181 183/120/180
f 270/121/265 145/106/140 271/120/266
f 272/178/267 150/111/145 149/110/144
f 69/27/65 232/148/229 273/177/268
f 238/150/235 237/151/234 230/149/227
f 14/11/10 13/10/9 274/179/269
f 16/13/12 18/15/14 275/180/270
f 164/115/164 167/116/163 276/114/271
f 167/116/163 168/113/165 166/115/162
f 47/7/43 49/8/45 277/153/272
f 278/169/273 279/168/273 280/170/273
f 152/113/147 157/116/152 153/114/148
f 158/116/153 156/115/151 160/113/156
f 194/129/191 281/158/274 282/159/275
f 283/181/276 284/182/277 285/183/278
f 197/132/194 196/131/193 286/136/279
f 192/127/189 195/130/192 287/160/280
f 283/181/276 288/184/281 289/185/282
f 240/157/237 242/159/239 290/183/283
f 7/4/3 9/6/5 291/39/284
f 292/186/285 293/187/286 294/188/287
f 295/187/288 296/186/289 297/188/290
f 298/189/291 42/6/38 44/39/40
f 297/188/290 296/186/289 299/190/292
f 296/186/289 300/191/293 299/190/292
f 301/180/294 53/13/49 302/192/295
f 50/10/46 52/11/48 303/179/296
f 304/43/297 292/186/285 305/191/298
f 292/186/285 294/188/287 306/190/299
f 219/41/216 304/43/297 217/42/214
f 8/5/4 7/4/3 307/40/300
f 131/95/126 128/92/123 308/193/301
f 242/159/239 241/158/238 309/129/302
f 306/190/299 294/188/287 310/194/303
f 222/147/219 224/149/221 33/30/29
f 219/41/216 311/154/304 293/187/286
f 36/33/32 38/35/34 220/145/217
f 312/195/305 106/71/102 313/196/306
f 269/110/264 268/178/263 180/106/177
f 268/178/263 181/105/178 180/106/177
f 144/105/139 272/178/267 145/106/140
f 272/178/267 149/110/144 145/106/140
f 105/70/101 314/197/307 258/172/253
f 247/163/244 246/162/243 260/174/255
f 77/35/73 76/33/72 233/145/230
f 234/154/231 62/41/58 295/187/288
f 230/149/227 229/147/226 73/30/69
f 297/188/290 299/190/292 315/194/308
f 316/171/309 264/165/259 317/166/310
f 264/165/259 265/167/260 317/166/310
f 73/30/69 75/31/71 230/149/227
f 273/177/268 232/148/229 318/198/311
f 238/150/235 230/149/227 319/199/312
f 230/149/227 75/31/71 319/199/312
f 223/148/220 266/177/261 320/198/313
f 34/31/30 33/30/29 224/149/221
f 34/31/30 224/149/221 321/199/314
f 224/149/221 225/150/222 321/199/314
f 296/186/289 64/43/60 300/191/293
f 45/5/41 43/4/39 42/6/38
f 322/157/315 285/183/278 282/159/275
f 90/55/86 88/53/84 89/54/85
f 209/142/206 211/142/208 323/144/316
f 323/144/316 211/142/208 324/144/317
f 177/103/174 187/122/184 178/102/175
f 269/110/264 180/106/177 183/120/180
f 145/106/140 149/110/144 271/120/266
f 325/122/318 142/103/137 141/102/136
f 263/176/258 37/34/33 326/200/319
f 16/13/12 327/192/320 328/201/321
f 302/192/295 53/13/49 329/201/322
f 78/34/74 262/176/257 330/200/323
f 291/39/284 9/6/5 331/189/324
f 305/191/298 292/186/285 306/190/299
f 119/84/115 122/87/118 126/90/325
f 108/73/104 332/202/326 333/203/327
f 11/8/7 249/155/246 12/9/8
f 334/204/328 335/205/329 336/206/330
f 337/144/317 338/207/331 339/207/332
f 21/18/17 24/21/20 19/16/15
f 14/11/10 274/179/269 340/208/333
f 341/209/334 342/208/335 343/210/336
f 56/16/52 58/17/54 344/211/337
f 196/131/193 345/212/338 193/128/190
f 207/140/204 288/184/281 283/181/276
f 346/213/339 133/97/128 347/214/340
f 133/97/128 346/213/339 134/98/129
f 124/89/120 128/92/123 348/215/341
f 282/159/275 281/158/274 322/157/315
f 281/158/274 349/216/342 322/157/315
f 281/158/274 345/212/338 349/216/342
f 204/137/201 205/138/202 207/140/204
f 237/151/234 77/35/73 231/146/228
f 77/35/73 233/145/230 231/146/228
f 304/43/297 219/41/216 292/186/285
f 219/41/216 293/187/286 292/186/285
f 213/142/210 216/141/213 350/143/343
f 96/61/92 97/62/93 94/59/90
f 259/173/254 258/172/253 351/217/344
f 8/5/4 307/40/300 352/218/345
f 29/26/25 32/29/28 353/219/346
f 328/201/321 39/36/35 16/13/12
f 39/36/35 41/38/37 16/13/12
f 16/13/12 41/38/37 17/14/13
f 22/19/18 24/21/20 21/18/17
f 309/129/302 354/128/347 243/127/240
f 241/158/238 355/216/348 356/212/349
f 204/137/201 200/135/197 205/138/202
f 201/131/198 354/128/347 356/212/349
f 53/13/49 301/180/294 54/15/50
f 228/153/225 251/165/248 11/8/7
f 251/165/248 250/156/247 11/8/7
f 357/220/350 358/221/351 359/222/352
f 169/117/166 171/119/168 360/223/353
f 171/119/168 170/118/167 357/220/350
f 361/224/354 358/221/351 357/220/350
f 357/220/350 170/118/167 361/224/354
f 170/118/167 362/225/355 363/226/356
f 364/227/357 365/228/358 358/221/351
f 362/225/355 170/118/167 169/117/166
f 366/205/359 367/206/360 329/201/322
f 368/229/361 51/12/47 50/10/46
f 220/145/217 38/35/34 221/146/218
f 38/35/34 226/151/223 221/146/218
f 219/41/216 218/44/215 311/154/304
f 369/46/362 37/34/33 36/33/32
f 71/29/67 70/26/66 370/219/363
f 46/40/42 45/5/41 371/218/364
f 372/38/365 373/36/366 53/13/49
f 373/36/366 329/201/322 53/13/49
f 295/187/288 62/41/58 296/186/289
f 62/41/58 64/43/60 296/186/289
f 97/62/93 374/230/367 375/231/368
f 374/230/367 376/232/369 377/233/370
f 378/234/371 379/235/372 380/236/373
f 379/235/372 102/67/98 101/66/97
f 111/76/107 110/75/106 381/237/374
f 60/21/56 59/19/55 57/18/53
f 372/38/365 53/13/49 55/14/51
f 128/92/123 131/95/126 348/215/341
f 382/238/375 117/82/113 116/81/112
f 191/126/188 190/125/187 383/239/376
f 384/240/377 382/238/375 383/239/376
f 385/241/378 386/242/379 387/243/380
f 170/118/167 363/226/356 361/224/354
f 364/227/357 358/221/351 361/224/354
f 361/224/354 363/226/356 364/227/357
f 388/244/381 389/245/382 390/246/383
f 390/246/383 391/247/384 392/248/385
f 393/249/386 394/250/387 395/251/388
f 388/244/381 390/246/383 396/252/389
f 390/246/383 392/248/385 396/252/389
f 201/131/198 397/134/390 398/253/391
f 399/137/392 200/135/197 201/131/198
f 200/135/197 397/134/390 201/131/198
f 106/71/102 312/195/305 104/69/100
f 102/67/98 379/235/372 400/254/393
f 277/153/272 49/8/45 264/165/259
f 49/8/45 236/156/233 264/165/259
f 401/181/394 402/182/395 289/185/282
f 127/91/122 124/89/120 123/88/119
f 260/174/255 261/175/256 403/255/396
f 91/56/87 93/58/89 94/59/90
f 404/175/397 246/162/243 405/256/398
f 246/162/243 248/164/245 378/234/371
f 15/12/11 406/229/399 13/10/9
f 336/206/330 335/205/329 328/201/321
f 363/226/356 362/225/355 395/251/388
f 365/228/358 396/252/389 392/248/385
f 271/120/266 147/108/142 270/121/265
f 57/18/53 56/16/52 60/21/56
f 342/208/335 303/179/296 52/11/48
f 385/241/378 407/257/400 386/242/379
f 201/131/198 398/253/391 202/132/199
f 408/258/401 409/259/402 410/260/401
f 408/258/401 410/260/401 411/261/403
f 209/142/206 323/144/316 210/143/207
f 301/180/294 302/192/295 412/262/404
f 303/179/296 342/208/335 341/209/334
f 20/17/16 19/16/15 413/211/405
f 340/208/333 414/209/406 415/210/407
f 136/100/131 139/101/134 416/263/408
f 139/101/134 137/100/132 417/101/409
f 174/100/171 176/101/173 215/101/212
f 176/101/173 172/100/169 418/263/410
f 207/140/204 206/139/203 288/184/281
f 355/216/348 241/158/238 240/157/237
f 347/214/340 133/97/128 419/264/411
f 420/265/412 421/266/413 419/264/411
f 393/249/386 388/244/381 394/250/387
f 388/244/381 396/252/389 394/250/387
f 61/20/57 422/22/414 59/19/55
f 80/37/76 373/36/366 372/38/365
f 344/211/337 58/17/54 423/267/415
f 54/15/50 301/180/294 424/268/416
f 98/63/94 100/65/96 376/232/369
f 332/202/326 108/73/104 425/269/417
f 368/229/361 426/270/418 51/12/47
f 427/271/419 428/272/420 429/273/421
f 65/44/61 67/24/63 63/42/59
f 428/272/420 71/29/67 370/219/363
f 430/272/422 431/271/423 432/273/424
f 433/270/425 406/229/399 15/12/11
f 32/29/28 430/272/422 353/219/346
f 27/24/23 218/44/215 217/42/214
f 85/50/81 86/51/82 83/48/79
f 380/236/373 379/235/372 434/274/426
f 435/275/427 385/241/378 374/230/367
f 385/241/378 387/243/380 374/230/367
f 193/128/190 192/127/189 196/131/193
f 192/127/189 286/136/279 196/131/193
f 420/265/412 436/276/428 421/266/413
f 259/173/254 351/217/344 437/277/429
f 403/255/396 261/175/256 438/278/430
f 381/237/374 109/74/105 111/76/107
f 121/86/117 119/84/115 118/83/114
f 121/86/117 439/279/431 440/280/432
f 439/279/431 190/125/187 189/124/186
f 439/279/431 441/281/433 440/280/432
f 340/208/333 274/179/269 414/209/406
f 327/192/320 16/13/12 275/180/270
f 327/192/320 275/180/270 442/262/434
f 275/180/270 18/15/14 443/268/435
f 20/17/16 413/211/405 444/267/436
f 445/282/437 446/283/438 447/284/439
f 94/59/90 93/58/89 95/60/91
f 289/185/282 402/182/395 448/285/440
f 203/136/200 243/127/240 201/131/198
f 243/127/240 354/128/347 201/131/198
f 70/26/66 72/28/68 68/25/64
f 277/153/272 264/165/259 316/171/309
f 390/246/383 449/286/441 391/247/384
f 389/245/382 388/244/381 393/249/386
f 269/110/264 186/112/183 267/111/262
f 243/127/240 450/130/442 309/129/302
f 200/135/197 199/134/196 451/287/443
f 196/131/193 198/133/195 199/134/196
f 452/288/444 453/261/445 454/260/444
f 452/288/444 454/260/444 455/259/446
f 251/165/248 228/153/225 257/171/252
f 31/28/27 29/26/25 28/25/24
f 456/283/447 446/283/438 457/289/448
f 458/289/449 459/263/450 457/289/448
f 457/289/448 459/263/450 418/263/410
f 459/263/450 460/263/451 418/263/410
f 461/290/452 284/182/277 462/291/453
f 289/185/282 448/285/440 462/291/453
f 80/37/76 79/45/75 366/205/359
f 79/45/75 463/204/454 366/205/359
f 209/142/206 208/141/205 417/101/409
f 464/263/455 465/263/456 416/263/408
f 465/263/456 466/289/457 416/263/408
f 334/204/328 467/45/458 335/205/329
f 467/45/458 40/37/36 335/205/329
f 211/142/208 209/142/206 137/100/132
f 209/142/206 417/101/409 137/100/132
f 147/108/142 271/120/266 141/102/136
f 271/120/266 149/110/144 141/102/136
f 79/45/75 330/200/323 463/204/454
f 235/155/232 49/8/45 48/9/44
f 235/155/232 48/9/44 468/292/459
f 469/293/460 426/270/418 368/229/361
f 366/205/359 463/204/454 367/206/360
f 468/292/459 469/293/460 368/229/361
f 121/86/117 118/83/114 439/279/431
f 118/83/114 117/82/113 439/279/431
f 433/270/425 470/293/461 406/229/399
f 470/293/461 471/292/462 406/229/399
f 12/9/8 249/155/246 471/292/462
f 326/200/319 467/45/458 334/204/328
f 290/183/283 401/181/394 240/157/237
f 401/181/394 472/140/463 240/157/237
f 186/112/183 269/110/264 187/122/184
f 269/110/264 178/102/175 187/122/184
f 269/110/264 183/120/180 178/102/175
f 183/120/180 185/108/182 178/102/175
f 134/98/129 346/213/339 113/78/109
f 346/213/339 114/79/110 113/78/109
f 465/263/456 473/289/464 466/289/457
f 208/141/205 210/143/207 474/283/465
f 178/102/175 185/108/182 475/109/466
f 473/289/464 474/283/465 466/289/457
f 466/289/457 474/283/465 476/283/467
f 474/283/465 477/282/468 478/284/469
f 474/283/465 478/284/469 476/283/467
f 194/129/191 193/128/190 281/158/274
f 193/128/190 345/212/338 281/158/274
f 356/212/349 354/128/347 241/158/238
f 354/128/347 309/129/302 241/158/238
f 215/101/212 213/142/210 174/100/171
f 213/142/210 212/142/209 174/100/171
f 141/102/136 149/110/144 325/122/318
f 149/110/144 151/112/146 325/122/318
f 97/62/93 98/63/94 374/230/367
f 98/63/94 376/232/369 374/230/367
f 283/181/276 349/216/342 207/140/204
f 349/216/342 204/137/201 207/140/204
f 349/216/342 345/212/338 204/137/201
f 345/212/338 196/131/193 204/137/201
f 312/195/305 313/196/306 479/294/470
f 130/94/125 132/96/127 480/295/471
f 328/201/321 335/205/329 39/36/35
f 335/205/329 40/37/36 39/36/35
f 80/37/76 366/205/359 373/36/366
f 366/205/359 329/201/322 373/36/366
f 417/101/409 208/141/205 473/289/464
f 208/141/205 474/283/465 473/289/464
f 395/251/388 394/250/387 363/226/356
f 394/250/387 364/227/357 363/226/356
f 394/250/387 396/252/389 364/227/357
f 396/252/389 365/228/358 364/227/357
f 248/164/245 247/163/244 400/254/393
f 314/197/307 105/70/101 104/69/100
f 383/239/376 190/125/187 384/240/377
f 190/125/187 439/279/431 384/240/377
f 213/142/210 350/143/343 214/144/211
f 350/143/343 216/141/213 446/283/438
f 216/141/213 215/101/212 458/289/449
f 284/182/277 461/290/452 481/296/472
f 92/57/88 91/56/87 90/55/86
f 355/216/348 399/137/392 356/212/349
f 399/137/392 201/131/198 356/212/349
f 240/157/237 472/140/463 355/216/348
f 472/140/463 399/137/392 355/216/348
f 458/289/449 215/101/212 459/263/450
f 215/101/212 460/263/451 459/263/450
f 464/263/455 417/101/409 465/263/456
f 417/101/409 473/289/464 465/263/456
f 439/279/431 189/124/186 441/281/433
f 189/124/186 191/126/188 441/281/433
f 467/45/458 369/46/362 40/37/36
f 482/297/473 311/154/304 218/44/215
f 482/297/473 26/23/22 25/22/21
f 26/23/22 23/20/19 25/22/21
f 78/34/74 81/46/77 76/33/72
f 483/297/474 65/44/61 234/154/231
f 61/20/57 66/23/62 422/22/414
f 66/23/62 483/297/474 422/22/414
f 282/159/275 285/183/278 481/296/472
f 285/183/278 284/182/277 481/296/472
f 448/285/440 290/183/283 484/298/475
f 290/183/283 242/159/239 484/298/475
f 174/100/171 212/142/209 172/100/169
f 246/162/243 378/234/371 405/256/398
f 245/161/242 87/52/83 88/53/84
f 349/216/342 283/181/276 322/157/315
f 283/181/276 285/183/278 322/157/315
f 457/289/448 446/283/438 458/289/449
f 446/283/438 216/141/213 458/289/449
f 446/283/438 456/283/447 447/284/439
f 447/284/439 456/283/447 485/284/476
f 469/293/460 47/7/43 426/270/418
f 71/29/67 428/272/420 427/271/419
f 98/63/94 96/61/92 99/64/95
f 96/61/92 95/60/91 99/64/95
f 194/129/191 282/159/275 486/299/477
f 282/159/275 481/296/472 486/299/477
f 430/272/422 32/29/28 431/271/423
f 10/7/6 470/293/461 433/270/425
f 325/122/318 151/112/146 487/123/478
f 448/285/440 402/182/395 290/183/283
f 402/182/395 401/181/394 290/183/283
f 419/264/411 133/97/128 420/265/412
f 133/97/128 436/276/428 420/265/412
f 385/241/378 435/275/427 407/257/400
f 379/235/372 101/66/97 434/274/426
f 101/66/97 103/68/99 434/274/426
f 108/73/104 107/72/103 425/269/417
f 488/300/479 489/301/480 490/302/481
f 84/49/80 491/303/482 82/47/78
f 439/279/431 117/82/113 384/240/377
f 117/82/113 382/238/375 384/240/377
f 476/283/467 478/284/469 492/284/483
f 374/230/367 387/243/380 375/231/368
f 468/292/459 48/9/44 469/293/460
f 48/9/44 47/7/43 469/293/460
f 10/7/6 12/9/8 470/293/461
f 12/9/8 471/292/462 470/293/461
f 418/263/410 460/263/451 176/101/173
f 460/263/451 215/101/212 176/101/173
f 417/101/409 464/263/455 139/101/134
f 464/263/455 416/263/408 139/101/134
f 200/135/197 451/287/443 397/134/390
f 243/127/240 244/160/241 450/130/442
f 214/144/211 337/144/317 212/142/209
f 346/213/339 347/214/340 114/79/110
f 326/200/319 37/34/33 467/45/458
f 37/34/33 369/46/362 467/45/458
f 81/46/77 78/34/74 79/45/75
f 78/34/74 330/200/323 79/45/75
f 493/207/484 324/144/317 494/207/485
f 337/144/317 214/144/211 338/207/331
f 214/144/211 350/143/343 338/207/331
f 210/143/207 323/144/316 493/207/484
f 323/144/316 324/144/317 493/207/484
f 118/83/114 120/85/116 116/81/112
f 378/234/371 248/164/245 379/235/372
f 248/164/245 400/254/393 379/235/372
f 283/181/276 289/185/282 284/182/277
f 289/185/282 462/291/453 284/182/277
f 192/127/189 287/160/280 286/136/279
f 474/283/465 210/143/207 477/282/468
f 210/143/207 493/207/484 477/282/468
f 338/207/331 350/143/343 445/282/437
f 350/143/343 446/283/438 445/282/437
f 288/184/281 206/139/203 472/140/463
f 206/139/203 205/138/202 472/140/463
f 472/140/463 205/138/202 399/137/392
f 205/138/202 200/135/197 399/137/392
f 484/298/475 242/159/239 495/299/486
f 242/159/239 309/129/302 495/299/486
f 480/295/471 132/96/127 496/304/487
f 482/297/473 218/44/215 26/23/22
f 218/44/215 27/24/23 26/23/22
f 67/24/63 65/44/61 66/23/62
f 65/44/61 483/297/474 66/23/62
f 289/185/282 288/184/281 401/181/394
f 288/184/281 472/140/463 401/181/394
f 442/262/434 275/180/270 497/305/488
f 275/180/270 443/268/435 497/305/488
f 424/268/416 301/180/294 498/305/489
f 301/180/294 412/262/404 498/305/489
f 109/74/105 381/237/374 107/72/103
f 133/97/128 135/99/130 436/276/428
f 374/230/367 377/233/370 435/275/427
f 132/96/127 129/93/124 308/193/301
f 129/93/124 131/95/126 308/193/301
f 84/49/80 488/300/479 491/303/482
f 488/300/479 84/49/80 489/301/480
f 499/306/490 500/307/491 501/308/492
f 502/309/493 503/310/494 504/311/495
f 505/312/496 506/313/497 503/310/494
f 503/310/494 506/313/497 507/314/498
f 508/315/499 499/306/490 509/316/500
f 510/317/501 511/318/502 512/319/503
f 499/306/490 508/315/499 500/307/491
f 507/314/498 501/308/492 513/320/504
f 501/308/492 514/321/505 513/320/504
f 506/313/497 505/312/496 499/306/490
f 515/322/506 509/316/500 499/306/490
f 507/314/498 506/313/497 501/308/492
f 506/313/497 499/306/490 501/308/492
f 510/317/501 512/319/503 509/316/500
f 500/307/491 508/315/499 516/323/507
f 508/315/499 517/324/508 516/323/507
f 508/315/499 509/316/500 517/324/508
f 509/316/500 512/319/503 517/324/508
f 504/311/495 503/310/494 518/325/509
f 503/310/494 519/326/510 518/325/509
f 503/310/494 507/314/498 519/326/510
f 502/309/493 504/311/495 520/327/511
f 501/308/492 500/307/491 514/321/505
f 500/307/491 516/323/507 514/321/505
f 499/306/490 505/312/496 515/322/506
f 502/309/493 520/327/511 515/322/506
f 519/326/510 507/314/498 521/328/512
f 507/314/498 513/320/504 521/328/512
f 518/325/509 519/326/510 522/329/513
f 519/326/510 521/328/512 522/329/513
f 520/327/511 510/317/501 515/322/506
f 510/317/501 509/316/500 515/322/506
f 510/317/501 520/327/511 511/318/502
f 520/327/511 523/330/514 511/318/502
f 504/311/495 518/325/509 524/331/515
f 518/325/509 522/329/513 524/331/515
f 503/310/494 502/309/493 505/312/496
f 502/309/493 515/322/506 505/312/496
f 520/327/511 504/311/495 523/330/514
f 504/311/495 524/331/515 523/330/514
f 525/332/516 526/333/517 527/334/518
f 528/306/519 529/335/520 530/315/521
f 527/334/518 526/333/517 531/309/522
f 532/336/523 533/314/524 534/337/525
f 528/306/519 535/307/526 534/337/525
f 531/309/522 536/338/527 537/327/528
f 528/306/519 530/315/521 535/307/526
f 534/337/525 538/339/529 528/306/519
f 539/312/530 540/340/531 528/306/519
f 533/314/524 532/336/523 541/320/532
f 542/341/533 529/335/520 543/318/534
f 531/309/522 537/327/528 544/342/535
f 528/306/519 540/340/531 529/335/520
f 540/340/531 544/342/535 529/335/520
f 545/323/536 535/307/526 546/324/537
f 535/307/526 530/315/521 546/324/537
f 532/336/523 534/337/525 545/323/536
f 534/337/525 535/307/526 545/323/536
f 539/312/530 531/309/522 540/340/531
f 531/309/522 544/342/535 540/340/531
f 531/309/522 526/333/517 536/338/527
f 546/324/537 530/315/521 542/341/533
f 530/315/521 529/335/520 542/341/533
f 525/332/516 527/334/518 538/339/529
f 539/312/530 528/306/519 538/339/529
f 529/335/520 544/342/535 543/318/534
f 544/342/535 537/327/528 547/343/538
f 544/342/535 547/343/538 543/318/534
f 547/343/538 537/327/528 548/331/539
f 537/327/528 536/338/527 548/331/539
f 534/337/525 533/314/524 538/339/529
f 533/314/524 525/332/516 538/339/529
f 549/344/540 525/332/516 541/320/532
f 525/332/516 533/314/524 541/320/532
f 548/331/539 536/338/527 550/329/541
f 536/338/527 526/333/517 550/329/541
f 538/339/529 527/334/518 539/312/530
f 527/334/518 531/309/522 539/312/530
f 550/329/541 526/333/517 549/344/540
f 526/333/517 525/332/516 549/344/540
f 551/345/542 552/346/543 553/347/544
f 554/346/545 555/348/546 556/349/547
f 557/348/548 558/349/549 559/350/550
f 560/351/551 561/352/552 562/353/553
f 554/346/545 556/349/547 563/345/554
f 564/347/555 563/345/554 565/352/556
f 558/349/549 557/348/548 552/346/543
f 566/353/557 567/351/558 568/354/559
f 556/349/547 555/348/546 569/350/560
f 569/350/560 555/348/546 570/355/561
f 552/346/543 551/345/542 558/349/549
f 557/348/548 559/350/550 571/355/562
f 565/352/556 563/345/554 567/351/558
f 561/352/552 560/351/551 551/345/542
f 563/345/554 564/347/555 554/346/545
f 551/345/542 553/347/544 561/352/552
f 572/354/563 562/353/553 573/356/564
f 567/351/558 566/353/557 565/352/556
f 566/353/557 568/354/559 574/356/565
f 562/353/553 572/354/563 560/351/551
f 575/357/566 576/358/567 577/359/568
f 576/358/567 578/360/569 579/361/570
f 576/358/567 575/357/566 580/362/571
f 576/358/567 580/362/571 578/360/569
f 580/362/571 581/363/572 582/364/573
f 583/365/574 581/363/572 575/357/566
f 581/363/572 580/362/571 575/357/566
f 580/362/571 582/364/573 578/360/569
f 584/366/575 585/367/576 586/368/577
f 587/369/578 584/366/575 581/363/572
f 584/366/575 582/364/573 581/363/572
f 584/366/575 586/368/577 582/364/573
f 588/370/579 585/367/576 589/371/580
f 585/367/576 584/366/575 589/371/580
f 585/367/576 590/372/581 586/368/577
f 585/367/576 591/373/582 590/372/581
f 584/366/575 587/369/578 589/371/580
f 590/372/581 591/373/582 592/374/583
f 581/363/572 583/365/574 587/369/578
f 585/367/576 588/370/579 591/373/582
f 593/375/584 594/376/585 595/377/586
f 596/378/587 597/379/588 598/380/589
f 599/381/590 600/382/591 601/381/592
f 602/383/593 603/384/594 604/385/595
f 605/386/596 606/387/597 607/388/598
f 608/389/599 609/390/600 610/391/601
f 611/392/602 612/393/603 613/394/604
f 614/391/605 615/390/606 616/389/607
f 617/395/608 618/396/609 619/397/610
f 620/398/611 621/399/612 622/400/613
f 623/401/614 624/401/615 625/402/616
f 626/403/617 627/404/618 628/405/619
f 629/406/620 630/407/621 631/408/622
f 632/409/623 633/410/624 634/411/625
f 635/412/626 636/413/627 637/414/628
f 638/415/629 639/416/630 640/417/631
f 641/418/632 642/419/633 643/420/634
f 644/421/635 645/422/636 646/423/637
f 647/424/638 648/425/639 649/426/640
f 650/427/641 651/428/642 652/429/643
f 638/415/629 653/430/644 639/416/630
f 643/420/634 654/431/645 641/418/632
f 655/432/646 656/433/647 657/434/648
f 658/435/649 656/433/647 655/432/646
f 659/436/650 660/437/651 661/438/652
f 662/439/653 663/440/654 664/441/655
f 665/442/656 666/443/657 667/444/658
f 668/445/659 669/446/660 670/447/661
f 646/423/637 645/422/636 671/448/662
f 642/419/633 641/418/632 672/449/663
f 673/450/664 674/451/665 675/452/666
f 676/453/667 677/454/668 678/455/669
f 679/456/670 680/457/671 681/458/672
f 682/459/673 683/460/674 684/461/675
f 685/462/676 686/463/677 687/464/678
f 686/463/677 688/465/679 689/466/680
f 622/400/613 621/399/612 690/467/681
f 691/468/682 692/469/683 693/470/684
f 694/471/685 695/472/686 696/473/687
f 697/474/688 698/475/689 699/476/690
f 700/477/691 662/439/653 701/478/692
f 662/439/653 664/441/655 702/479/693
f 616/389/607 615/390/606 703/401/694
f 704/480/695 645/422/636 644/421/635
f 705/481/696 706/482/697 707/483/698
f 706/482/697 661/438/652 708/484/699
f 662/439/653 702/479/693 701/478/692
f 635/412/626 637/414/628 709/485/700
f 626/403/617 628/405/619 710/486/701
f 663/440/654 674/451/665 711/487/702
f 619/397/610 618/396/609 712/488/703
f 688/465/679 650/427/641 713/489/704
f 708/484/699 714/490/705 715/491/706
f 716/492/707 637/414/628 636/413/627
f 694/471/685 717/493/708 695/472/686
f 718/494/709 716/492/707 719/495/710
f 704/480/695 720/496/711 645/422/636
f 721/497/712 602/383/593 607/388/598
f 722/498/713 636/413/627 723/499/714
f 697/474/688 724/500/715 725/501/716
f 726/502/717 727/503/718 677/454/668
f 595/377/586 726/502/717 728/504/719
f 729/505/720 730/506/721 731/507/722
f 692/469/683 676/453/667 693/470/684
f 732/508/723 733/509/724 734/510/725
f 735/511/726 736/512/727 737/513/728
f 738/514/729 739/515/730 740/516/731
f 741/517/732 742/518/733 743/519/734
f 744/520/735 745/521/736 746/522/737
f 596/378/587 598/380/589 747/523/738
f 748/399/739 749/400/740 750/467/741
f 659/436/650 596/378/587 660/437/651
f 751/524/742 725/501/716 735/511/726
f 741/517/732 738/514/729 742/518/733
f 738/514/729 752/515/743 744/520/735
f 697/474/688 699/476/690 724/500/715
f 753/520/744 738/514/729 741/517/732
f 738/514/729 753/520/744 739/515/730
f 753/520/744 754/522/745 755/521/746
f 647/424/638 649/426/640 756/525/747
f 685/462/676 687/464/678 757/526/748
f 758/527/749 759/528/750 665/442/656
f 759/528/750 666/443/657 665/442/656
f 735/511/726 725/501/716 736/512/727
f 760/519/751 761/517/752 746/522/737
f 762/529/753 757/526/748 763/530/754
f 764/403/755 765/404/756 766/405/757
f 767/531/758 768/532/759 769/533/760
f 608/389/599 610/391/601 770/534/761
f 771/534/762 616/389/607 772/535/763
f 616/389/607 703/401/694 773/401/764
f 612/393/603 611/392/602 774/536/765
f 726/502/717 595/377/586 680/457/671
f 605/386/596 775/537/766 776/538/767
f 777/407/768 601/381/592 778/406/769
f 679/456/670 681/458/672 727/503/718
f 681/458/672 779/539/770 727/503/718
f 599/381/590 780/540/771 600/382/591
f 781/541/772 681/458/672 680/457/671
f 782/542/773 783/543/774 784/544/775
f 785/545/776 786/546/777 784/544/775
f 785/545/776 787/547/778 786/546/777
f 656/433/647 658/435/649 788/548/779
f 673/450/664 675/452/666 657/434/648
f 593/375/584 789/549/780 594/376/585
f 789/549/780 790/550/781 791/551/782
f 747/523/738 792/552/783 699/476/690
f 793/553/784 753/520/744 755/521/746
f 794/554/785 795/555/786 752/515/743
f 796/556/787 676/453/667 692/469/683
f 753/520/744 741/517/732 754/522/745
f 741/517/732 743/519/734 754/522/745
f 604/385/595 603/384/594 797/557/788
f 594/376/585 789/549/780 791/551/782
f 746/522/737 761/517/752 744/520/735
f 761/517/752 738/514/729 744/520/735
f 718/494/709 719/495/710 695/472/686
f 660/437/651 798/558/789 799/559/790
f 800/555/791 739/515/730 801/560/792
f 739/515/730 753/520/744 793/553/784
f 744/520/735 752/515/743 802/553/793
f 752/515/743 795/555/786 803/560/794
f 738/514/729 740/516/731 752/515/743
f 740/516/731 794/554/785 752/515/743
f 789/549/780 593/375/584 804/561/795
f 593/375/584 805/562/796 804/561/795
f 608/389/599 770/534/761 806/535/797
f 756/525/747 807/563/798 763/530/754
f 599/381/590 808/564/799 780/540/771
f 809/565/800 686/463/677 689/466/680
f 810/566/801 764/403/755 811/567/802
f 764/403/755 766/405/757 811/567/802
f 812/568/803 813/569/804 805/562/796
f 796/556/787 814/570/805 815/571/806
f 796/556/787 692/469/683 814/570/805
f 745/521/736 744/520/735 802/553/793
f 616/389/607 773/401/764 816/572/807
f 710/486/701 817/573/808 818/533/809
f 815/571/806 813/569/804 819/574/810
f 820/575/811 726/502/717 677/454/668
f 595/377/586 728/504/719 812/568/803
f 821/576/812 822/577/813 812/568/803
f 823/578/814 730/506/721 822/577/813
f 730/506/721 819/574/810 822/577/813
f 824/579/815 790/550/781 825/580/816
f 790/550/781 826/581/817 825/580/816
f 827/582/818 680/457/671 828/583/819
f 776/538/767 829/584/820 830/585/821
f 690/467/681 621/399/612 831/586/822
f 614/391/605 616/389/607 771/534/762
f 832/587/823 691/468/682 833/588/824
f 831/586/822 834/589/825 835/590/826
f 614/391/605 620/398/611 615/390/606
f 620/398/611 834/589/825 621/399/612
f 834/589/825 831/586/822 621/399/612
f 787/547/778 788/548/779 786/546/777
f 772/535/763 616/389/607 816/572/807
f 729/505/720 731/507/722 821/576/812
f 823/578/814 822/577/813 821/576/812
f 709/485/700 672/449/663 683/460/674
f 680/457/671 595/377/586 836/591/827
f 595/377/586 594/376/585 836/591/827
f 770/534/761 610/391/601 837/590/828
f 838/589/829 839/586/830 837/590/828
f 759/528/750 670/447/661 840/592/831
f 762/529/753 763/530/754 807/563/798
f 841/593/832 842/594/833 843/595/834
f 844/596/835 845/597/836 846/598/837
f 649/426/640 648/425/639 667/444/658
f 800/555/791 794/554/785 739/515/730
f 794/554/785 740/516/731 739/515/730
f 794/554/785 800/555/791 847/599/838
f 843/595/834 848/600/839 849/601/840
f 833/588/824 691/468/682 850/602/841
f 691/468/682 693/470/684 850/602/841
f 820/575/811 677/454/668 819/574/810
f 677/454/668 676/453/667 796/556/787
f 748/399/739 851/398/842 749/400/740
f 851/398/842 748/399/739 838/589/829
f 748/399/739 839/586/830 838/589/829
f 852/603/843 827/582/818 853/604/844
f 827/582/818 828/583/819 854/605/845
f 710/486/701 628/405/619 855/606/846
f 631/408/622 630/407/621 856/566/847
f 782/542/773 650/427/641 783/543/774
f 650/427/641 664/441/655 783/543/774
f 650/427/641 857/607/848 713/489/704
f 858/564/849 859/608/850 860/381/851
f 617/395/608 861/609/852 618/396/609
f 678/455/669 677/454/668 727/503/718
f 790/550/781 824/579/815 791/551/782
f 839/586/830 748/399/739 750/467/741
f 862/610/853 825/580/816 863/611/854
f 825/580/816 864/612/855 863/611/854
f 727/503/718 865/613/856 866/614/857
f 865/613/856 867/615/858 868/616/859
f 865/613/856 868/616/859 866/614/857
f 869/617/860 870/618/861 871/619/862
f 700/477/691 674/451/665 662/439/653
f 674/451/665 663/440/654 662/439/653
f 794/554/785 847/599/838 795/555/786
f 849/601/840 848/600/839 846/598/837
f 843/595/834 842/594/833 848/600/839
f 872/620/863 873/621/864 874/622/865
f 693/470/684 676/453/667 875/623/866
f 676/453/667 876/624/867 877/625/868
f 878/626/869 833/588/824 879/627/870
f 833/588/824 880/628/871 879/627/870
f 776/538/767 775/537/766 829/584/820
f 610/391/601 609/390/600 851/398/842
f 881/572/872 624/401/615 608/389/599
f 624/401/615 623/401/614 608/389/599
f 774/536/765 732/508/723 612/393/603
f 875/623/866 676/453/667 877/625/868
f 729/505/720 820/575/811 730/506/721
f 820/575/811 819/574/810 730/506/721
f 812/568/803 728/504/719 821/576/812
f 728/504/719 729/505/720 821/576/812
f 728/504/719 726/502/717 729/505/720
f 726/502/717 820/575/811 729/505/720
f 654/431/645 882/629/873 641/418/632
f 631/408/622 883/630/874 629/406/620
f 685/462/676 669/446/660 686/463/677
f 652/429/643 651/428/642 686/463/677
f 884/631/875 696/473/687 737/513/728
f 885/632/876 735/511/726 737/513/728
f 758/527/749 668/445/659 759/528/750
f 668/445/659 670/447/661 759/528/750
f 689/466/680 688/465/679 681/458/672
f 688/465/679 713/489/704 681/458/672
f 836/591/827 594/376/585 886/633/877
f 594/376/585 791/551/782 887/634/878
f 706/482/697 708/484/699 707/483/698
f 602/383/593 721/497/712 603/384/594
f 888/635/879 594/376/585 887/634/878
f 887/634/878 791/551/782 889/636/880
f 791/551/782 824/579/815 889/636/880
f 850/602/841 693/470/684 890/637/881
f 693/470/684 875/623/866 890/637/881
f 891/638/882 892/639/883 792/552/783
f 801/560/792 739/515/730 793/553/784
f 805/562/796 593/375/584 812/568/803
f 593/375/584 595/377/586 812/568/803
f 677/454/668 796/556/787 819/574/810
f 796/556/787 815/571/806 819/574/810
f 664/441/655 663/440/654 783/543/774
f 785/545/776 784/544/775 783/543/774
f 752/515/743 803/560/794 802/553/793
f 893/640/884 894/641/885 884/631/875
f 878/626/869 658/435/649 833/588/824
f 654/431/645 832/587/823 833/588/824
f 657/434/648 656/433/647 673/450/664
f 656/433/647 788/548/779 787/547/778
f 669/446/660 685/462/676 670/447/661
f 685/462/676 757/526/748 762/529/753
f 730/506/721 823/578/814 731/507/722
f 823/578/814 821/576/812 731/507/722
f 869/617/860 871/619/862 895/410/886
f 871/619/862 896/619/887 895/410/886
f 826/581/817 646/423/637 825/580/816
f 647/424/638 864/612/855 825/580/816
f 756/525/747 649/426/640 807/563/798
f 649/426/640 667/444/658 666/443/657
f 614/391/605 771/534/762 835/590/826
f 897/642/888 878/626/869 879/627/870
f 647/424/638 671/448/662 648/425/639
f 898/619/889 899/618/890 900/617/891
f 901/643/892 827/582/818 854/605/845
f 698/475/689 697/474/688 798/558/789
f 697/474/688 799/559/790 798/558/789
f 751/524/742 735/511/726 799/559/790
f 735/511/726 885/632/876 902/644/893
f 742/518/733 760/519/751 903/645/894
f 904/646/895 905/647/896 906/648/897
f 742/518/733 903/645/894 743/519/734
f 907/601/898 904/646/895 906/648/897
f 907/601/898 906/648/897 908/649/899
f 909/650/900 910/651/901 908/649/899
f 865/613/856 911/652/902 912/653/903
f 858/564/849 860/381/851 913/540/904
f 630/407/621 859/608/850 856/566/847
f 914/654/905 915/655/906 916/656/907
f 912/653/903 911/652/902 917/657/908
f 911/652/902 914/654/905 917/657/908
f 918/658/909 919/659/910 920/660/911
f 852/603/843 853/604/844 921/661/912
f 710/486/701 922/662/913 626/403/617
f 756/525/747 763/530/754 923/663/914
f 763/530/754 924/664/915 925/665/916
f 624/401/615 881/572/872 769/533/760
f 923/663/914 763/530/754 925/665/916
f 827/582/818 901/643/892 853/604/844
f 899/618/890 600/382/591 780/540/771
f 632/409/623 898/619/889 633/410/624
f 898/619/889 900/617/891 633/410/624
f 769/533/760 768/532/759 624/401/615
f 768/532/759 625/402/616 624/401/615
f 768/532/759 926/403/917 625/402/616
f 810/566/801 927/408/918 764/403/755
f 927/408/918 928/630/919 764/403/755
f 799/559/790 719/495/710 929/666/920
f 719/495/710 716/492/707 929/666/920
f 885/632/876 695/472/686 902/644/893
f 695/472/686 719/495/710 902/644/893
f 719/495/710 799/559/790 902/644/893
f 799/559/790 735/511/726 902/644/893
f 661/438/652 660/437/651 929/666/920
f 660/437/651 799/559/790 929/666/920
f 660/437/651 596/378/587 798/558/789
f 596/378/587 698/475/689 798/558/789
f 861/609/852 617/395/608 611/392/602
f 930/667/921 788/548/779 931/668/922
f 878/626/869 897/642/888 931/668/922
f 668/445/659 758/527/749 701/478/692
f 932/669/923 933/670/924 934/671/925
f 933/670/924 904/646/895 934/671/925
f 908/649/899 910/651/901 935/672/926
f 910/651/901 936/673/927 935/672/926
f 863/611/854 864/612/855 937/674/928
f 864/612/855 938/675/929 937/674/928
f 695/472/686 717/493/708 718/494/709
f 643/420/634 709/485/700 637/414/628
f 705/481/696 644/421/635 706/482/697
f 597/379/588 596/378/587 659/436/650
f 605/386/596 607/388/598 775/537/766
f 607/388/598 606/387/597 721/497/712
f 886/633/877 594/376/585 888/635/879
f 732/508/723 774/536/765 733/509/724
f 620/398/611 614/391/605 834/589/825
f 614/391/605 835/590/826 834/589/825
f 837/590/828 610/391/601 838/589/829
f 610/391/601 851/398/842 838/589/829
f 819/574/810 813/569/804 822/577/813
f 813/569/804 812/568/803 822/577/813
f 650/427/641 782/542/773 857/607/848
f 915/655/906 914/654/905 911/652/902
f 915/655/906 784/544/775 939/676/930
f 855/606/846 628/405/619 940/567/931
f 706/482/697 644/421/635 597/379/588
f 644/421/635 646/423/637 826/581/817
f 661/438/652 706/482/697 659/436/650
f 706/482/697 597/379/588 659/436/650
f 833/588/824 850/602/841 880/628/871
f 850/602/841 890/637/881 880/628/871
f 889/636/880 824/579/815 862/610/853
f 824/579/815 825/580/816 862/610/853
f 654/431/645 643/420/634 832/587/823
f 643/420/634 637/414/628 717/493/708
f 717/493/708 637/414/628 718/494/709
f 637/414/628 716/492/707 718/494/709
f 674/451/665 700/477/691 675/452/666
f 941/677/932 786/546/777 942/678/933
f 786/546/777 788/548/779 930/667/921
f 818/533/809 773/401/764 710/486/701
f 773/401/764 922/662/913 710/486/701
f 786/546/777 930/667/921 942/678/933
f 816/572/807 773/401/764 818/533/809
f 649/426/640 840/592/831 807/563/798
f 840/592/831 762/529/753 807/563/798
f 785/545/776 711/487/702 787/547/778
f 711/487/702 656/433/647 787/547/778
f 599/381/590 943/608/934 808/564/799
f 944/679/935 852/603/843 921/661/912
f 944/679/935 919/659/910 852/603/843
f 687/464/678 686/463/677 809/565/800
f 919/659/910 918/658/909 757/526/748
f 811/567/802 766/405/757 945/606/936
f 893/640/884 884/631/875 946/680/937
f 884/631/875 947/597/938 946/680/937
f 948/681/939 792/552/783 949/681/940
f 792/552/783 892/639/883 949/681/940
f 760/519/751 742/518/733 761/517/752
f 742/518/733 738/514/729 761/517/752
f 611/392/602 613/394/604 861/609/852
f 876/624/867 676/453/667 678/455/669
f 608/389/599 806/535/797 881/572/872
f 938/675/929 756/525/747 923/663/914
f 840/592/831 670/447/661 762/529/753
f 670/447/661 685/462/676 762/529/753
f 783/543/774 663/440/654 785/545/776
f 663/440/654 711/487/702 785/545/776
f 929/666/920 716/492/707 722/498/713
f 716/492/707 636/413/627 722/498/713
f 708/484/699 661/438/652 714/490/705
f 661/438/652 929/666/920 714/490/705
f 950/381/941 951/382/942 860/381/851
f 951/382/942 913/540/904 860/381/851
f 773/401/764 703/401/694 922/662/913
f 814/570/805 692/469/683 696/473/687
f 692/469/683 691/468/682 696/473/687
f 790/550/781 789/549/780 747/523/738
f 789/549/780 804/561/795 747/523/738
f 671/448/662 647/424/638 646/423/637
f 647/424/638 825/580/816 646/423/637
f 833/588/824 658/435/649 654/431/645
f 658/435/649 882/629/873 654/431/645
f 658/435/649 655/432/646 882/629/873
f 895/410/886 896/619/887 952/411/943
f 953/403/944 856/566/847 940/567/931
f 916/656/907 915/655/906 939/676/930
f 701/478/692 702/479/693 668/445/659
f 702/479/693 669/446/660 668/445/659
f 873/621/864 815/571/806 874/622/865
f 815/571/806 814/570/805 894/641/885
f 804/561/795 805/562/796 891/638/882
f 805/562/796 873/621/864 954/682/945
f 684/461/675 683/460/674 955/683/946
f 815/571/806 894/641/885 874/622/865
f 894/641/885 893/640/884 874/622/865
f 892/639/883 891/638/882 954/682/945
f 891/638/882 805/562/796 954/682/945
f 905/647/896 725/501/716 906/648/897
f 725/501/716 724/500/715 909/650/900
f 725/501/716 905/647/896 736/512/727
f 905/647/896 904/646/895 933/670/924
f 951/382/942 870/618/861 913/540/904
f 867/615/858 865/613/856 912/653/903
f 940/567/931 628/405/619 953/403/944
f 628/405/619 627/404/618 953/403/944
f 600/382/591 632/409/623 956/684/947
f 786/546/777 941/677/932 957/685/948
f 817/573/808 710/486/701 855/606/846
f 945/606/936 766/405/757 768/532/759
f 766/405/757 926/403/917 768/532/759
f 865/613/856 857/607/848 911/652/902
f 857/607/848 915/655/906 911/652/902
f 681/458/672 713/489/704 779/539/770
f 713/489/704 857/607/848 779/539/770
f 919/659/910 809/565/800 852/603/843
f 809/565/800 827/582/818 852/603/843
f 809/565/800 689/466/680 781/541/772
f 689/466/680 681/458/672 781/541/772
f 705/481/696 639/416/630 720/496/711
f 766/405/757 765/404/756 926/403/917
f 608/389/599 623/401/614 609/390/600
f 939/676/930 784/544/775 957/685/948
f 784/544/775 786/546/777 957/685/948
f 763/530/754 757/526/748 958/686/949
f 757/526/748 918/658/909 958/686/949
f 725/501/716 751/524/742 697/474/688
f 751/524/742 799/559/790 697/474/688
f 844/596/835 893/640/884 845/597/836
f 893/640/884 946/680/937 845/597/836
f 893/640/884 844/596/835 874/622/865
f 844/596/835 872/620/863 874/622/865
f 686/463/677 651/428/642 688/465/679
f 651/428/642 650/427/641 688/465/679
f 737/513/728 736/512/727 933/670/924
f 736/512/727 905/647/896 933/670/924
f 909/650/900 724/500/715 910/651/901
f 724/500/715 699/476/690 910/651/901
f 815/571/806 873/621/864 813/569/804
f 873/621/864 805/562/796 813/569/804
f 949/681/940 892/639/883 841/593/832
f 892/639/883 842/594/833 841/593/832
f 680/457/671 679/456/670 726/502/717
f 679/456/670 727/503/718 726/502/717
f 777/407/768 810/566/801 943/608/934
f 920/660/911 919/659/910 944/679/935
f 639/416/630 705/481/696 640/417/631
f 705/481/696 707/483/698 640/417/631
f 635/412/626 709/485/700 682/459/673
f 709/485/700 683/460/674 682/459/673
f 894/641/885 814/570/805 884/631/875
f 814/570/805 696/473/687 884/631/875
f 747/523/738 804/561/795 792/552/783
f 804/561/795 891/638/882 792/552/783
f 848/600/839 842/594/833 872/620/863
f 842/594/833 892/639/883 954/682/945
f 768/532/759 767/531/758 945/606/936
f 924/664/915 763/530/754 958/686/949
f 951/382/942 950/381/941 959/382/950
f 935/672/926 936/673/927 948/681/939
f 936/673/927 792/552/783 948/681/939
f 884/631/875 932/669/923 947/597/938
f 932/669/923 934/671/925 947/597/938
f 747/523/738 598/380/589 790/550/781
f 598/380/589 826/581/817 790/550/781
f 832/587/823 694/471/685 691/468/682
f 694/471/685 696/473/687 691/468/682
f 686/463/677 669/446/660 652/429/643
f 669/446/660 702/479/693 652/429/643
f 702/479/693 664/441/655 652/429/643
f 664/441/655 650/427/641 652/429/643
f 943/608/934 599/381/590 777/407/768
f 599/381/590 601/381/592 777/407/768
f 694/471/685 832/587/823 717/493/708
f 832/587/823 643/420/634 717/493/708
f 644/421/635 826/581/817 597/379/588
f 826/581/817 598/380/589 597/379/588
f 873/621/864 872/620/863 954/682/945
f 872/620/863 842/594/833 954/682/945
f 846/598/837 848/600/839 844/596/835
f 848/600/839 872/620/863 844/596/835
f 647/424/638 756/525/747 864/612/855
f 756/525/747 938/675/929 864/612/855
f 931/668/922 788/548/779 878/626/869
f 788/548/779 658/435/649 878/626/869
f 859/608/850 630/407/621 860/381/851
f 630/407/621 950/381/941 860/381/851
f 910/651/901 699/476/690 936/673/927
f 699/476/690 792/552/783 936/673/927
f 884/631/875 737/513/728 932/669/923
f 737/513/728 933/670/924 932/669/923
f 764/403/755 928/630/919 765/404/756
f 695/472/686 885/632/876 696/473/687
f 885/632/876 737/513/728 696/473/687
f 699/476/690 698/475/689 747/523/738
f 698/475/689 596/378/587 747/523/738
f 809/565/800 781/541/772 827/582/818
f 781/541/772 680/457/671 827/582/818
f 727/503/718 779/539/770 865/613/856
f 779/539/770 857/607/848 865/613/856
f 720/496/711 704/480/695 705/481/696
f 704/480/695 644/421/635 705/481/696
f 643/420/634 642/419/633 709/485/700
f 642/419/633 672/449/663 709/485/700
f 908/649/899 906/648/897 909/650/900
f 906/648/897 725/501/716 909/650/900
f 649/426/640 666/443/657 840/592/831
f 666/443/657 759/528/750 840/592/831
f 674/451/665 673/450/664 711/487/702
f 673/450/664 656/433/647 711/487/702
f 857/607/848 782/542/773 915/655/906
f 782/542/773 784/544/775 915/655/906
f 757/526/748 687/464/678 919/659/910
f 687/464/678 809/565/800 919/659/910
f 630/407/621 629/406/620 950/381/941
f 883/630/874 631/408/622 953/403/944
f 631/408/622 856/566/847 953/403/944
f 953/403/944 627/404/618 883/630/874
f 778/406/769 927/408/918 777/407/768
f 927/408/918 810/566/801 777/407/768
f 927/408/918 778/406/769 928/630/919
f 870/618/861 951/382/942 871/619/862
f 951/382/942 896/619/887 871/619/862
f 951/382/942 959/382/950 896/619/887
f 632/409/623 600/382/591 898/619/889
f 600/382/591 899/618/890 898/619/889
f 600/382/591 956/684/947 601/381/592
